:020000040800F2
:1000000078FD0020290300086B6D0008F15B0008F3
:10001000696D00080B0F000895C300080000000080
:10002000000000000000000000000000690200085D
:10003000951C000800000000C5020008519B000844
:100040004303000843030008430300084303000878
:100050004303000843030008BD1D000843030008D4
:1000600043030008C31D0008C91D0008430300081E
:1000700079160008430300084303000843030008FF
:10008000430300084303000843030008190F000856
:100090000D0F00084303000843030008CF1D0008AC
:1000A0004303000843030008430300084303000818
:1000B000219C000843030008430300084303000891
:1000C00043030008430300084303000843030008F8
:1000D00043030008B1A2000843030008BDA20008C2
:1000E00043030008430300084303000843030008D8
:1000F000430300082D9C0008430300084303000845
:1001000043030008430300084303000843030008B7
:1001100043030008430300084303000843030008A7
:10012000430300088516000891160008511B0008BB
:100130004303000843030008430300084303000887
:10014000250F00084303000843030008CD6F000893
:100150005D1B0008691B0008751B000891A30008BF
:100160004303000843030008430300084303000857
:100170004303000843030008430300080000000095
:10018000430300084303000800F002F800F05CF8A5
:100190000AA090E8000C82448344AAF10107DA45E2
:1001A00001D100F051F8AFF2090EBAE80F0013F0D8
:1001B000010F18BFFB1A43F001031847041A01008E
:1001C000241A01000A444FF0000C10F8013B13F010
:1001D000070408BF10F8014B1D1108BF10F8015BA0
:1001E000641E05D010F8016B641E01F8016BF9D193
:1001F00013F0080F1EBF10F8014BAD1C0C1B09D1EA
:100200006D1E58BF01F801CBFAD505E014F8016B5B
:1002100001F8016B6D1EF9D59142D6D370470000ED
:100220000023002400250026103A28BF78C1FBD8FF
:10023000520728BF30C148BF0B6070471FB510F090
:100240008CFD1FBD10B510BD00F003FA1146FFF77D
:10025000F5FF0DF00FFF00F021FA03B4FFF7F2FFF6
:1002600003BC00F025FA00002C4B19680868B0E8C0
:10027000F04F80F30988BFF36F8F4FF0000080F3D9
:10028000118870470000000008480068006880F38B
:1002900008884FF0000080F3148862B661B6BFF39F
:1002A0004F8FBFF36F8F00DF00BF00BF08ED00E08E
:1002B000DFF80C00016841F470010160704700BF75
:1002C00088ED00E0EFF30980BFF36F8F134B1A68DE
:1002D0001EF0100F08BF20ED108A20E9F04F1060CB
:1002E00009B44FF0500080F31188BFF34F8FBFF374
:1002F0006F8F0FF0D1F94FF0000080F3118809BC27
:1003000019680868B0E8F04F1EF0100F08BFB0EC95
:10031000108A80F30988BFF36F8F70477403002041
:10032000EFF30580704700000948804709480047FF
:10033000FEE7FEE7FEE7FEE7FEE7FEE7FEE7FEE795
:10034000FEE7FEE704480549054A064B70470000F2
:10035000119C00088901000878BD002078FD00206C
:1003600078DD002078DD002053EA020C00F069807F
:100370002DE9F04B4FF00006002B1FBFB3FA83F5B9
:1003800003FA05F424FA05F65E4012BF1643B2FAEA
:1003900082F502FA05F4C5F120051EBF22FA05FC1C
:1003A00044EA0C04203556EA044C4FEA144418BFC2
:1003B000641C4FF000084FF00009904271EB030CF1
:1003C00039D3002919BFB1FA81F701FA07F6B0FA5B
:1003D00080F700FA07F6C7F120071EBF20FA07FCD6
:1003E00046EA0C062037B6FBF4FCA7EB0507103FE6
:1003F00007F01F0BCBF120060CFA0BFB2CFA06F6CC
:1004000044BFB3460026202FA4BF5E464FF0000B2A
:100410005BEA060C08BF4FF0010B19EB0B09ABFBB5
:10042000027C48EB0608C01B06FB02CC0BFB03CC8E
:1004300071EB0C01C1E70B46024641464846BDE858
:10044000F08B13B54FF000004FF00001AFF30080C8
:10045000BDE81C40704710B5431C02E010F8011BBA
:1004600071B18107FAD14FF0013202C88C1A8C4366
:1004700014EAC211F9D0C01A0A0603D0C01E10BD7A
:10048000C01A10BD0A0401D0801E10BD0902FCD0A4
:10049000401E10BD032A40F2308010F0030C00F023
:1004A000158011F8013BBCF1020F624498BF11F8AE
:1004B00001CB00F8013B38BF11F8013BA2F1040267
:1004C00098BF00F801CB38BF00F8013B11F00303DF
:1004D00000F02580083AC0F0088051F8043B083A43
:1004E00051F804CBA0E80810F5E7121D5CBF51F8E5
:1004F000043B40F8043BAFF30080D20724BF11F85F
:10050000013B11F801CB48BF11F8012B24BF00F8C3
:10051000013B00F801CB48BF00F8012B704710B534
:10052000203AC0F00B80B1E81850203AA0E81850EB
:10053000B1E81850A0E81850BFF4F5AF5FEA027CAC
:1005400024BFB1E81850A0E8185044BF18C918C01B
:10055000BDE810405FEA827C24BF51F8043B40F8BC
:10056000043B08BF7047D20728BF31F8023B48BFA1
:1005700011F8012B28BF20F8023B48BF00F8012BDF
:10058000704702F0FF0343EA032242EA024200F00E
:1005900002B84FF000020429C0F0128010F0030CE2
:1005A00000F01B80CCF1040CBCF1020F18BF00F866
:1005B000012BA8BF20F8022BA1EB0C0100F00DB815
:1005C0005FEAC17C24BF00F8012B00F8012B48BF73
:1005D00000F8012B70474FF0000200B51346944617
:1005E0009646203922BFA0E80C50A0E80C50B1F18B
:1005F0002001BFF4F7AF090728BFA0E80C5048BF9F
:100600000CC05DF804EB890028BF40F8042B08BF3C
:10061000704748BF20F8022B11F0804F18BF00F838
:10062000012B704770477047704710B500F00CF809
:10063000006810BD10B5044600F006F8046010BD57
:100640000048704718BD00200048704718BD0020C2
:1006500070477546FFF7F4FFAE46050069465346FE
:1006600020F00700854618B020B5FFF76BFEBDE807
:1006700020404FF000064FF000074FF000084FF009
:10068000000B21F00701AC46ACE8C009ACE8C0099A
:10069000ACE8C009ACE8C0098D46704710B5044607
:1006A000AFF300802046BDE81040FFF7D6BD000044
:1006B00001491820ABBEFEE7260002000BF060BF28
:1006C0000BF0F4BF0CF040BCF0EE400AF5EEC00AAF
:1006D000F1EE10FA02DDB0EE600A7047B1EE600A8A
:1006E000FBE70000002803D09FED020A80ED000A1E
:1006F0007047000000000000002803D0B3EE060A97
:1007000080ED000A7047000070B52DED0C8B84B0B1
:1007100006460C4615469FED990AF0EE408A9FED7D
:10072000970AB0EE409A9FED950AF0EE40BA9FED21
:10073000930AF0EE409A9FED910AB0EE40AA0EB1F6
:1007400004B11DB904B0BDEC0C8B70BD8C48FFF733
:10075000C9FF8C48FFF7D0FF8A48D0ED000A9FED13
:100760008A1A60EE810AB0EE600A00F025F9F0EE18
:10077000408A28EEA80AF0EE408A8248D0ED000AAE
:10078000B0EE001A60EE810A9FED7F1A60EE810ADA
:10079000B0EE600A00F010F9B0EE409A29EE090AB6
:1007A000B0EE409ADFED790AB7EE000A00EEA80A33
:1007B000DFED770A00EEC90ADFED760A20EE200AA7
:1007C000754880ED000A6E4890ED000ADFED730A6F
:1007D00080EE201AB7EE000A31EE000A20EE000A81
:1007E0006D48D0ED000A80EE801A6D4880ED001A49
:1007F00094ED000AB5EEC00AF1EE10FA0DD194EDB9
:10080000010AB5EEC00AF1EE10FA06D194ED020A23
:10081000B5EEC00AF1EE10FA46D09FED580AB0EEE0
:10082000408A0020019002900390D4ED000A60EE0F
:10083000A00A94ED011AD4ED011A41EE210A94EDBB
:10084000021AD4ED021A41EE210AB0EE600A00F05D
:10085000A9F8B0EE408A94ED000A20EE080A8DED6A
:10086000010A94ED010A20EE080A8DED020A94EDCA
:10087000020A20EE080A8DED030ADDED010AF1EE11
:10088000600AB0EE600AFFF719FFF0EE409A9DEDA6
:10089000031AF0EE410A9DED021AB0EE410AFFF78D
:1008A0000FFFB0EE40AA07E09FED340AF0EE409A49
:1008B0009FED320AB0EE40AA95ED000AB5EEC00AEF
:1008C000F1EE10FA0DD195ED010AB5EEC00AF1EE88
:1008D00010FA06D195ED020AB5EEC00AF1EE10FA53
:1008E0003CD0B0EE690A00F067F8B0EE408AB0EE96
:1008F000690AFFF7E7FEB0EE40DAB0EE4A0A00F010
:100900005BF8F0EE40AAB0EE4A0AFFF7DBFEB0EE6D
:1009100040BA28EE2A0AD5ED010A20EE200AD5EDCC
:10092000000A0DEE200A68EE0B0A95ED021A00EEA1
:10093000810AB0EE40CA95ED010A20EE0B0AD5ED12
:10094000020A0AEEE00AF0EE40CAF0EE6C0AB0EEDF
:100950004C0AFFF7B5FEF0EE40BA03E09FED070A40
:10096000F0EE40BAB0EE4A1AF0EE690AB0EE6B0A49
:1009700030460CF033FA00BFE4E60000000000004F
:10098000800400208404002035FA8E3CC1BFAD3BBA
:100990009DF8C5362F7C1C4188040020506CC24A4B
:1009A0008C04002010B50CF01EF8B7EE001AC1EE52
:1009B000000AB0EE600A10BD0CF00ABB2DE9F04150
:1009C0002DED028B9AB00546B0EE408A0E461746D2
:1009D0009846002017901890199014901590169032
:1009E0004DB146B13FB1B8F1000F04D0B5EEC08AA9
:1009F000F1EE10FA05D100201AB0BDEC028BBDE873
:100A0000F08196ED000A8DED170A96ED010A8DED45
:100A1000180A96ED020A8DED190A97ED000A8DED80
:100A2000140A97ED010A8DED150A97ED020A8DED76
:100A3000160A17AA14A928460CF008F8402104A8A1
:100A4000FFF7C9FD00200090019002900390002460
:100A500017A904A80EF08AFB00BF30E004A800EB41
:100A6000041090ED000AD5ED000A20EE200A04A83B
:100A700000EB0410D0ED010A95ED011A00EE810A99
:100A800004A800EB0410D0ED020A95ED021A00EE66
:100A9000810A04A800EB0410D0ED030A95ED031AB7
:100AA00000EE810A20EE080AF0EE000A80EE201A1D
:100AB000684600EB840080ED001A601CC4B2042C70
:100AC000CCDB002410E005EB840090ED000A6846C2
:100AD00000EB8400D0ED000A30EE200A05EB840024
:100AE00080ED000A601CC4B2042CECDB28460EF03A
:100AF000BBF9012080E7000010B52DED028B9FEDC2
:100B0000208ADFED200A30EE480A20EE200ADFEDD1
:100B10001E0A20EE200A05F08DFC10EE100A1B497B
:100B2000884204DC10EE100A1949884204D39FED74
:100B3000190ABDEC028B10BD10EE100A16494FF4D5
:100B400053020844904202D29FED140AF1E710EEDE
:100B5000100A1349884208D210EE100A0E49C94300
:100B6000884202DCB0EE480AE3E710EE100A0C49B6
:100B7000494208449042DCD29FED0A0AD9E70000BE
:100B800000108B45000000390000B443000007430B
:100B9000000007C300800546FFFFCBBD0010CB451A
:100BA000000034C20020164501221021014802F045
:100BB00090BB00000000024000221021014802F01A
:100BC00088BB00000000024070470000012211466F
:100BD000014802F07EBB0000000402400022012117
:100BE000014802F076BB00000004024030B54378B3
:100BF00004781B021BB2234300EE103A1B4CB8EEE4
:100C0000C00AD4ED000A20EE200A81ED000AC37864
:100C100085781B021BB22B4300EE103AF8EEC00A97
:100C200094ED000A60EE800AC1ED010A437904796F
:100C30001B021BB2234300EE903AF8EEE00A20EECE
:100C4000800A81ED020A017AC3790904807941EAB8
:100C50000321014300EE101ADFED050AB8EE400A49
:100C600020EE200A82ED000A30BD0000A80200201C
:100C700000401C4270470DF0B9BA0CF0CBBE00002A
:100C800010B542780378120212B21A4300EE102A0D
:100C9000124BB8EEC00AD3ED010A20EE200A81ED16
:100CA000000AC2788478120212B2224300EE102A9F
:100CB000F8EEC00A93ED010A60EE800AC1ED010A68
:100CC00042790079120212B2024300EE902AF8EE45
:100CD000E00A20EE800A81ED020A10BDA802002081
:100CE00010B5FFF771FFFFF7C5FF0CF041FA08B12F
:100CF000802402E00CF0AEF904460CF0FFFB10B1CA
:100D000044F0400010BD0CF08BFB204310BD0000F0
:100D10002DE9FC4104460D46164600200090019046
:100D2000FFF74AFF922000F0BFF806226946122022
:100D300000F09CF8FFF738FF9DF801009DF80010C7
:100D4000000200B2084300EE100A474FB8EEC00A96
:100D5000D7ED000A20EE200A85ED000A9DF8030079
:100D60009DF80210000200B2084300EE100AF8EEEF
:100D7000C00A97ED000A60EE800AC5ED010A9DF8F1
:100D800005009DF80410000200B2084300EE900A2E
:100D9000F8EEE00A20EE800A85ED020AFFF71EFF5A
:100DA00008226946002000F061F8FFF70FFF9DF868
:100DB00000000F2830D19DF803009DF802100002BA
:100DC00000B2084300EE100AD7ED010AB8EEC00ADF
:100DD00020EE200A84ED000A9DF805009DF804101D
:100DE000000200B2084300EE100AF8EEC00A97EDC8
:100DF000010A60EE800AC4ED010A9DF807009DF823
:100E00000610000200B2084300EE900AF8EEE00A75
:100E100020EE800A84ED020AFFF7CEFEA22000F049
:100E200043F802226946222000F020F8FFF7BCFEBA
:100E30009DF800009DF80110C00040EA5110B0F587
:100E4000806F02DBA0F5006000B200EE100AB4EE85
:100E5000001AF8EEC00AB3EE070A00EE810A86ED2A
:100E6000000ABDE8FC810000A802002070B50D4614
:100E7000144640F0800000F017F806E0552000F01E
:100E800013F805F8010B641EE4B2002CF6D170BD16
:100E900010B50C4640F0800000F006F8552000F038
:100EA00003F8207010BD000001B582B04FF47A70D5
:100EB0000090012301AA02A9024803F0BDFE9DF89B
:100EC00004000EBD3039002002784078D20042EA9A
:100ED0005010B0F5806F02DBA0F5006000B200EEAC
:100EE000100AB4EE001AF8EEC00AB3EE070A00EEDC
:100EF000810A81ED000A704710B50C46FFF7D4FF58
:100F00002046BDE81040FFF7CFBFFEE7014801F0E3
:100F100081BA00008C380020014801F07BBA000043
:100F20008C380020014801F075BA0000B438002068
:100F300000B589B04FF4A070039000200590069092
:100F4000082007909FED1D2A20EE020ABCEEC00A81
:100F500010EE100A8DF80400000A8DF8050020EE4E
:100F6000820ABCEEC00A10EE100A8DF80600000AD4
:100F70008DF8070021EE020ABCEEC00A10EE100A3E
:100F80008DF80800000A8DF8090021EE820ABCEEF7
:100F9000C00A10EE100A8DF80A00000A8DF80B0046
:100FA0006B4601AA03A9064801F09AF8002803D06D
:100FB00001A903A800F0C8F809B000BD0000C842AC
:100FC0008C38002010B58AB04FF4007404940024CB
:100FD0000694079408240894040A8DF808408DF8B4
:100FE0000900080A8DF80A008DF80B10100A8DF818
:100FF0000C008DF80D20180A8DF80E008DF80F30BA
:1010000001AB02AA04A9054801F06AF8002803D040
:1010100002A904A800F098F80AB010BD8C3800208E
:1010200010B58AB040F2FF1404940024069407948B
:1010300008240894040A8DF808408DF80900080A6D
:101040008DF80A008DF80B10100A8DF80C008DF841
:101050000D20180A8DF80E008DF80F3001AB02AA92
:1010600004A9054801F03CF8002803D002A904A80F
:1010700000F06AF80AB010BD8C38002010B58AB0B4
:1010800040F2FF1404940024069407940824089462
:10109000040A8DF808408DF80900080A8DF80A0046
:1010A0008DF80B10100A8DF80C008DF80D20180A21
:1010B0008DF80E008DF80F3001AB02AA04A902488A
:1010C00001F00EF80AB010BDB438002010B54FF48E
:1010D00000610448FFF77FFA034800218170017026
:1010E000417010BD28060020280E002070B506466D
:1010F0000D4672B6134C94F8020800281DD094F8DF
:101100000008182204EB401108313046FFF707FAB7
:1011100094F80008326904EB40112846FFF7BAF949
:1011200004F500642078401C00F03F002070A07897
:10113000401EA07062B6002070BD62B64FF0FF3056
:1011400070BD00002806002070B506460D4672B638
:10115000144C94F8000894F80218084400F03F007A
:1011600084F8010804EB4010083018223146FFF7DC
:10117000D6F994F80108294604EB40103269FFF7CC
:1011800089F994F80208402804D0401C84F8020829
:1011900062B670BD94F80008401C00F03F0084F86F
:1011A0000008F5E72806002004284FF000007047EB
:1011B0000020704710B500220449054809F05CFB87
:1011C0000449034809F04AFB002010BD905200205A
:1011D000B03E0020904A002010B504460988204601
:1011E00089B209F073FE2146034809F037FB024833
:1011F00009F004FB002010BDB03E00200020704725
:1012000010B50A460849D1F8BC12D1F814120029C9
:1012100001D0012010BD0146034809F02DFBBDE8B7
:101220001040014809F0C0BBB03E002010B5FF22BD
:10123000054C03E010F8013B5340E25C491E4B1C97
:10124000F8D1104610BD00004410010830B5054625
:101250000C46002D01D0022C01D8002030BD611EAB
:101260002846FFF7E3FF291911F8011C884201D134
:10127000012030BD002030BD10B502464FF6FF7092
:10128000002A0CD0064C07E012F8013B4340DBB2C9
:1012900034F8133083EA1020491E4B1CF4D110BDE2
:1012A0004411010830B505460C46002D01D0022C32
:1012B00001D8002030BDA11E2846FFF7DDFF291907
:1012C000C2B211F8023C9A4206D111F8011CB1EBEE
:1012D000102F01D1012030BD002030BD10B5FF22FC
:1012E000054C03E010F8013B5340E25C491E89B213
:1012F000F8D2104610BD0000240E010830B53E485B
:101300003F4902783D484089431F002A07D03D4AA3
:10131000D47A3D4A012C0CD0032C20D106E000EEFB
:10132000103AB8EEC00A81ED040A30BD00245470B2
:1013300015E0364CA47F012C06D0022C07D014787F
:10134000012C07D04CB10AE00324547007E00424B8
:10135000547004E00224547001E0012454702C4CB9
:101360002C4D94ED000A10EE104AAC4235DD527857
:101370009FED291A052AD8D2DFE802F0030C131ECC
:10138000270000EE900AF8EE600A40EE010AC1ED77
:10139000040A30BD00EE103AB8EEC00A81ED040A2E
:1013A00030BD00EE900A9FED1D1AF8EE600A40EE87
:1013B000010AC1ED040A30BD00EE900AF8EE600AA1
:1013C00040EE010AC1ED040A30BD643000EE100A9F
:1013D000B8EE400A81ED040A30BD00EE900AB7EE87
:1013E000001AF8EE600A31EE400AB2EE041A40EE3E
:1013F000410AC1ED040A30BD240000206431002000
:1014000010200020DB3000202C0200208030002043
:10141000640E00209A99993E0000C84200008C4258
:101420002DE9F0410446294EF07A032809D1B6F996
:101430000810B1F5FA7F04DA11F5FA7F01DD012514
:1014400000E00025032800D145B10027022803D081
:1014500000200DF00DFE18B1012102E00127F5E793
:1014600000211B48D0F8120000EE100AB5EEC00AA9
:10147000F1EE10FA02D1F27A012A00D0002200EE39
:10148000100AB5EEC00AF1EE10FA02D0F07A012887
:1014900000D000200F4B4FF0040C1B78BCEB131F47
:1014A00002D0F37A012B00D00023194302D002208E
:1014B000207008E0074302D00120207003E01543AC
:1014C00001D0002020702078BDE8F081DB300020C2
:1014D000803000203931002070B500201949B7EE66
:1014E000000A174ED1ED020A144D06F5D07430EE05
:1014F000601A00EB800101EBC001294400EB80027F
:10150000B1F9021006EB021300EE101AB8EEC00A91
:1015100004EB8002D2ED001A20EE010A01EEA00ACF
:1015200083ED000A00EE101AB8EEC00A82ED000A40
:10153000401CC0B20428DCD370BD0000B1050020FF
:10154000D01E00202C02002070B52DED028B00244F
:10155000114D9FED128ADFED128A04EB840005EB3A
:1015600000100A30F0EE480AB0EE680A0D4A002179
:1015700005F03BFF641CE4B2042CEED3BDEC028BFF
:10158000084ABDE870400C32DFED070A9FED070AFC
:101590000021074805F029BFD01E002000007A4432
:1015A00000007A460C0E01080080BB4400409C46B7
:1015B000292000202DED028B82B0FFF7C5FFC82047
:1015C0000DF04EFF284E274DA6F5A074274FDFF8EB
:1015D000A0809FED288A04F1F40B04F1A40904F122
:1015E000540A2048801CFFF71BFFA870FFF774FF08
:1015F000FFF784FE04F0FEFAA8780CF041F9A87811
:10160000009096ED021AD6ED010A96ED000A5B46AF
:101610004A465146201D0CF049F9A8780CF0AAF86A
:101620003889F0EE480A00EE100AB8F80A00F0EE29
:10163000601AB8EE401A401F00EE100AB8EEC00A59
:10164000FFF776FC0CF020FEB4F9F830B4F9A820CE
:10165000B4F95810B4F90800FFF7B4FC02200DF0FB
:10166000FFFEBEE72C020020102000207131002078
:101670006431002000000000014801F03FBB000081
:10168000903D0020014801F039BB0000F03D0020F2
:10169000AFF300802DE9F05FFA48FB4AFA4DC06CC9
:1016A000FA4EF94F0068DFF8E4C3DFF8DC83DFF8B7
:1016B000DC93DFF8D4A3DFF8D4B3DFF8CCE3F34C4A
:1016C000483D60361837D1140CF1180CA8F13008D9
:1016D00009F178090AF1300A0BF1300BAEF1180E5E
:1016E00090423ED9E84A543A1368A04201D12022E0
:1016F00035E0A84201D1202231E0B04201D12022C0
:101700002DE0B84201D1202229E0604501D10A46EE
:1017100025E0404501D10A4621E0484501D10A466D
:101720001DE0504501D10A4619E0584502D14FF459
:10173000001214E0704502D14FF400120FE0D34ABA
:101740009032904202D14FF4001208E0CE4A483263
:10175000904202D14FF4001201E04FF000621340BA
:10176000C3E0CA4AA83290423ED9C74A583A1368E1
:10177000A04201D1202235E0A84201D1202231E04F
:10178000B04201D120222DE0B84201D1202229E02F
:10179000604501D10A4625E0404501D10A4621E0D5
:1017A000484501D10A461DE0504501D10A4619E0DD
:1017B000584502D14FF4001214E0704502D14FF4A5
:1017C00000120FE0B14A9032904202D14FF4001261
:1017D00008E0AD4A4832904202D14FF4001201E0D5
:1017E0004FF00062134080E0A84A483290423ED950
:1017F000A64A103A5368A04201D1202235E0A842FF
:1018000001D1202231E0B04201D120222DE0B842A6
:1018100001D1202229E0604501D10A4625E040455A
:1018200001D10A4621E0484501D10A461DE0504554
:1018300001D10A4619E0584502D14FF4001214E0D4
:10184000704502D14FF400120FE0904A903290425E
:1018500002D14FF4001208E08B4A4832904202D184
:101860004FF4001201E04FF0006213403DE0874A60
:10187000103A1368A04201D1202235E0A84201D1DC
:10188000202231E0B04201D120222DE0B84201D126
:10189000202229E0604501D10A4625E0404501D1DA
:1018A0000A4621E0484501D10A461DE0504501D1D4
:1018B0000A4619E0584502D14FF4001214E0704571
:1018C00002D14FF400120FE0704A9032904202D1E0
:1018D0004FF4001208E06C4A4832904202D14FF4B3
:1018E000001201E04FF000621340002B72D0664AF4
:1018F000904235D9A04201D120212DE0A84201D14A
:10190000202129E0B04201D1202125E0B84201D1B7
:10191000202121E060451FD040451DD048451BD007
:10192000504519D0584502D14FF4001114E07045CC
:1019300002D14FF400110FE054499031884202D196
:101940004FF4001108E050494831884202D14FF469
:10195000001101E04FF000614B484C380160ADE0F0
:101960004A4AA832904236D9A04201D120212DE026
:10197000A84201D1202129E0B04201D1202125E057
:10198000B84201D1202121E060451FD040451DD043
:1019900048451BD0504519D0584502D14FF400118D
:1019A00014E0704502D14FF400110FE03749903137
:1019B000884202D14FF4001108E03349483188428F
:1019C00002D14FF4001101E04FF000612E48503871
:1019D000016073E0AEE02D4A4832904235D9A04212
:1019E00001D120212DE0A84201D1202129E0B042DF
:1019F00001D1202125E0B84201D1202121E060451C
:101A00001FD040451DD048451BD0504519D05845E2
:101A100002D14FF4001114E0704502D14FF40011CF
:101A20000FE01A499031884202D14FF4001108E0CA
:101A300015494831884202D14FF4001101E04FF0BE
:101A4000006112481038C16038E0A04201D1202165
:101A500031E0A84201D120212DE0B04201D1202166
:101A600029E0B84201D1202125E0604523D040453E
:101A700021D048451FD050451DD0584508D14FF4BE
:101A8000001118E030390020586402401060024014
:101A9000704502D14FF400110DE02749884202D170
:101AA0004FF4001107E02549884202D14FF400119C
:101AB00001E04FF000612048A0388160204C207880
:101AC00080070CD5207820F002002070207840F0AC
:101AD00004002070012211461A4801F0FAFB6078D8
:101AE000194D80070CD5607820F002006070607896
:101AF00040F00400607001221021284601F0E9FB4B
:101B0000A07880070CD5A07820F00200A070A07803
:101B100040F00400A07001221021284601F0D9FBFA
:101B20000CF052F92078400704D50848016841F0CC
:101B300001010160BDE8F09FA0600240A064024086
:101B4000480100200004024000000240103C014017
:101B5000014801F0D3B80000E8390020014801F045
:101B6000CDB80000303D0020014801F0C7B80000AA
:101B7000503E0020014801F0C1B80000D03C0020D8
:101B80000168CAB2103A1823B2FBF3F2064B9B5C11
:101B9000C3656FF30901032A02D9091D816500E0BD
:101BA0008165806D704700002410010810B5014662
:101BB00000208A6A8B694FF0C074002B0ED0B3F5F9
:101BC000005F1AD062B3012A2AD0022A28D0032A41
:101BD00003D1C96AC90100D5012010BD1AB1012A7B
:101BE00006D0022AF9D1C96AC901F6D5012010BD73
:101BF000C96AA142FBD1012010BD52B1012A0AD00D
:101C0000022A06D0032AF7D1C96AA142F4D10120E1
:101C100010BD012010BDC96AC901FBD5012010BD4E
:101C2000012010BD30B50468256825F480252560A5
:101C3000046863608368402B04D00368996000687F
:101C4000C26030BD03689A600068C16030BD0000AA
:101C500070B50E4D0E4C287BC00707D0E07928B92F
:101C60000520A0714FF47A7001F0D2F9287B00F0C2
:101C70000100E07106E0012108460BF015FFA07994
:101C8000401EA071A0790028F5D170BD64310020FC
:101C9000F0010020704700002DE9F0414048414C20
:101CA000414D007B4FF00006400704F1190704F195
:101CB0005E083AD5B4F9160044F250610844490070
:101CC000884232D920680EF0D7FF41EC100B0AF0A1
:101CD00043FE9FED361B51EC100B53EC112B0EF015
:101CE000DBFC22D22869401C2861C8281DD9B4F920
:101CF0001600002803DA41F28830E08202E04EF656
:101D00007840E08264200DF0ABFB07F0AFFD384671
:101D100005F05AFB404605F057FB2E61254890ED33
:101D2000000AB8EEC00A84ED030A2889012815D0FC
:101D30009FED210A84ED010AD4ED010A94ED000A19
:101D4000384605F02DFAD4F8360000EE100ABDEE44
:101D5000C00A10EE100AE082BDE8F081687818B180
:101D6000A878012809D010E0B5F9060000EE100AA5
:101D7000B8EEC00A84ED010ADEE76889401C80B233
:101D80006881322801D9AE706E81D4ED030A94EDDA
:101D9000020A404605F004FAD4F87B006060CBE705
:101DA00064310020881300200C0200200000000095
:101DB000000059401000002000000000012001F048
:101DC00085B9082001F082B9102001F07FB92020E8
:101DD00001F07CB972B6FEE710B52249224C0878B2
:101DE00094ED000A002814D0DFED200AC4ED010AAA
:101DF000DFED1F0AC4ED2A0A10EE100A1D4A9042B8
:101E00000DDD1D4AD4F8A400904208D901200881B4
:101E100005E0DFED1A0AC4ED010AC4ED2A0A1248F2
:101E2000D4ED010A193005F0BBF90F48D4ED2A0AA8
:101E300094ED290ABD3005F0B3F9D4F8360000EE70
:101E4000100ABDEEC00A10EE100AE082D4F8DA00E3
:101E500000EE100ABDEEC00A10EE100AA4F8BA0097
:101E600010BD00000C020020D01400200080BB45F3
:101E70000080BBC50040B5450040B5C5000000006E
:101E800010B50B480168001D0468001D0068084477
:101E900000280BD00822074904F09CFA0549204687
:101EA0000422BDE81040103104F094BA10BD0000C7
:101EB000107AFF1F3603002010B5154890ED000A78
:101EC00080ED020A134CDFED140A94ED070A20EEB0
:101ED000200A80ED000A114A92ED000A80ED030A03
:101EE0000F490B8800EE103AB8EE400A80ED050A63
:101EF000B1F9021000EE101AB8EEC00A80ED060A21
:101F0000084801688160A16901609168C16010BDE5
:101F100098110020F40E0020E12E6542DC0E002016
:101F2000E5050020CE04002010B52DED028B002128
:101F3000DFED210A9FED210A214A224805F055FADA
:101F40001F4A2048DFED200A9FED200A0C320021B5
:101F5000453005F04AFA9FED1E8A194A1948F0EEFD
:101F6000480A9FED1C0A183200218A3005F03DFA1C
:101F7000134AF1EE040AB2EE040A24320021164894
:101F800005F033FA0E4A1448F7EE000AB1EE020AE1
:101F900030320021453005F028FAF0EE480A084AB0
:101FA0000D483C32BDEC028B0021BDE81040B3EE81
:101FB000040A8A3005F019BA00401C460060EA465F
:101FC0007C0D0108BE11002000004842000096442C
:101FD0000000000000004844E20400202DED028BC8
:101FE000FFF7A2FF2F4D0220E8724FF4966001F038
:101FF0000FF8012108460BF057FDC8200DF030FA0C
:102000009FED298A294CFFF723FEFFF755FF0AF0C1
:10201000C3F905F009FAE87A022827D024480023FA
:102020001A46B0F924001946FEF7FAFF2148B0F924
:102030003C0000EE100A0120B8EEC02AB0EE480ABB
:10204000F0EE401AB0EE401AF0EE400A0BF05AFCE7
:102050001948B4F9BA30B4F91620B0F916100020B6
:10206000FFF70CF801200DF0FBF9CCE700231A462E
:1020700019461846FEF7D4FFB0EE480A0120B0EE2C
:10208000402AF0EE401AB0EE401AF0EE400A0BF093
:1020900039FC0021B4F9BA30B4F916200846FEF72D
:1020A000EDFFDFE7DB30002000000000D01400204F
:1020B00098110020900400208813002090F8202020
:1020C000012A07D0022A05D0416A41F480214162E9
:1020D00001207047006842690A434261002070474E
:1020E000F0B590F820500468A468012D07D0022DA7
:1020F00005D0416A41F4802141620120F0BD04F025
:10210000806504F00066354301D1E50053D5C4F382
:1021100001640125A5401D608B684FF4C0759BB11B
:10212000CE6805EB041733434E6843EAC6030668DE
:10213000F3514FF4C273076803EB04130E69FE50AA
:10214000097D012909D00DE00E88CB6805EB041745
:1021500043EA46530668F351EBE70168CE5846F46C
:102160008076CE501179D379567941EA036193791B
:102170001B0443EA062319434FF4C676036806EBB3
:10218000041699511178D37841EA03619378527813
:102190001B0443EA022211434FF4C473026803EBA9
:1021A0000413D150006805EB0411425842F00102BB
:1021B00042500020F0BD416A41F40011416201200B
:1021C000F0BD000010B590F82020012A07D0022AA7
:1021D00005D0416A41F480214162012010BD3C4894
:1021E00000F50070026842F001020260026822F409
:1021F0007C52026002684B6A42EA032202600A7D56
:1022000002F01F0301229A40C3699343C361A0F502
:102210000070CB69B3B9D0F80C329343C0F80C32DC
:102220008C894B6864F31F434C6900EBC404C4F809
:1022300040320C890B6864F31F434C6900EBC40403
:10224000C4F84432CB69012B16D1D0F80C321343B9
:10225000C0F80C320C884B6864F31F434C6900EBE8
:10226000C404C4F840320C89CB6864F31F434C6942
:1022700000EBC404C4F844328B697BB1D0F804325B
:102280001343C0F804320B6973B1D0F8143213430E
:10229000C0F81432096A01290CD010E0D0F80432D9
:1022A0009343C0F80432EEE7D0F814329343C0F8F9
:1022B0001432EFE7D0F81C121143C0F81C12D0F80A
:1022C000001221F00101C0F80012002010BD000032
:1022D00000640040704770B590F82040012C07D092
:1022E000022C05D0416A41F480214162012070BD79
:1022F00021B104682469A4072AD003E00468E468D3
:10230000A4071FD04FF4D874056804EB01142D59AD
:1023100005F0040595600DB305682D59ED0855606D
:1023200005682C5904F00204D4604FF4DA7405688F
:1023300004EB01142E5906F00F06082E13D30825BE
:10234000156114E0416A41F400114162012070BD41
:10235000416A41F400114162012070BD05682D59A8
:102360006D0D1560DCE72D5905F00F051561056849
:102370002D59C5F30725956105682C59240C546126
:102380004FF4DC72046802EB0112A4581C7004685C
:10239000A458240A5C700468A458240C9C70046837
:1023A000A258120EDA704FF4DE72046802EB0112CA
:1023B000A4581C710468A458240A5C710468A458C9
:1023C000240C9C710468A258120EDA7131B10068B5
:1023D000016941F020010161002070BD0068C16801
:1023E00041F02001C160F7E70246002092F820107A
:1023F000012901D002290CD111688A68520100D547
:1024000001208A68120100D5401C8968C90000D5E6
:10241000401C70472DE9F05F054600242868466996
:10242000D0F804908768D0F80CA0D0F810B0D0F89D
:102430001880F10748D0F90714D001218160B8074E
:1024400003D5284600F0BCFB0CE0780702D54FF41A
:10245000006407E0380702D54FF4805402E02846B4
:1024600000F0ADFBF80516D529684FF48070886040
:10247000B80503D5284600F0ADFB0CE0780502D581
:1024800044F4005407E0380502D544F4804402E0E7
:10249000284600F09DFBF80316D529684FF48030DC
:1024A0008860B80303D5284600F09EFB0CE0780353
:1024B00002D544F4004407E0380302D544F48034E4
:1024C00002E0284600F08EFB300707D55FEACA60BD
:1024D00004D544F4007429681020C86070074FF0D8
:1024E000080707D55FEA0A7004D52868C760284640
:1024F00000F0C0F9B00706D52868C068800702D090
:10250000284600F0B9F9700607D55FEACB6004D51C
:1025100044F48064296810200861B00607D55FEA9A
:102520000B7004D528680761284600F019FBF006F7
:1025300006D528680069800702D0284600F011FB04
:10254000B00308D55FEAC96005D529681020486046
:10255000284600F007FBF00307D55FEA097004D5B1
:1025600028684760284600F047FB300446D55FEAFC
:10257000497040D5F00504D55FEAC87001D044F039
:102580000104B00504D55FEA887001D544F0020467
:10259000700504D55FEA487001D544F004043005A5
:1025A00029D518F0700F26D008F07000402815D0FB
:1025B00006DC102809D020280AD0302816D10AE0DD
:1025C00050280ED0602811D10EE044F008040DE030
:1025D00044F010040AE044F0200407E044F0400412
:1025E00004E044F0800401E044F4807428688169C8
:1025F00021F070018161296804204860002C05D019
:10260000686A204368622846FFF764FEBDE8F09FD1
:1026100070B50446002C03D094F8200010B104E0FB
:10262000012070BD204600F09DF82068016841F04F
:102630000101016000F054FE054605260CE000F0A3
:102640004FFE401B0A2807D9606A40F400306062E0
:1026500084F82060012070BD20684068C007EED07B
:102660002068016821F00201016000F039FE054692
:102670000CE000F035FE401B0A2807D9606A40F4E0
:102680000030606284F82060012070BD20684068DE
:102690008007EED4207E01283FD02068016821F019
:1026A00080010160607E01283DD02068016821F032
:1026B00040010160A07E01283BD02068016821F024
:1026C00020010160E07E012839D02068016841F0D6
:1026D00010010160207F012837D02068016821F0B7
:1026E00008010160607F012835D02068016821F071
:1026F00004010160D4E902010843D4E90412114342
:1027000008436168491E08432168C861002060626F
:10271000012084F82000002070BD2068016841F08D
:1027200080010160BEE72068016841F0400101605E
:10273000C0E72068016841F020010160C2E720681D
:10274000016821F010010160C4E72068016841F0D0
:1027500008010160C6E72068016841F004010160DA
:10276000C8E700002DE9F04186B00446142101A815
:10277000FDF731FF3A4B3B4ADFF8E08018682168EB
:10278000384C03260227401C103200254FF0090C5C
:1027900041452FD11860012807D1106840F0007022
:1027A0001060106800F000700090206840F0080091
:1027B0002060206800F008000090019602970395C1
:1027C0000496CDF814C001A9274800F08BFC002224
:1027D0000521132001F028F9132001F017F9002238
:1027E0000521142001F020F9142001F00FF906B0A2
:1027F000BDE8F081DFF874804145F8D1116841F0FF
:1028000080611160116801F08061009118600128F9
:1028100007D1106840F000701060106800F0007080
:102820000090206840F002002060206800F0020064
:10283000009060200190029703950496CDF814C093
:1028400001A90B4800F04EFC00220521402001F0B8
:10285000EBF8402001F0DAF8C9E70000006400401E
:10286000F402002030380240000C024000680040B2
:1028700000040240704700002DE9F0410546AD48D4
:10288000AD4C854278D104F11403AC4A00212846AE
:10289000FFF721FDA94840F203230168A1F500706C
:1028A000013809D0A1F50070023805D0994203D053
:1028B000B1F5017F00D061609F48A1F2032214307E
:1028C00099420FD009DCB1F5987F76D0A1F500725E
:1028D000013A07D0012A74D104E0012A02D0022A69
:1028E0006FD14AE0491ECEB2267006EB860101EB9D
:1028F000C602934911440A88A1F807204278037858
:1029000042EA03220A80C278837842EA03224A809C
:102910004279037942EA03228A80807988710888A3
:10292000B1F80720801A02B2002A02DA4FF40050F0
:1029300000E08448104403B2002B01DB184600E09D
:102940005842002A01DB174600E05742B84202DA3B
:1029500000EE103A01E000EE102A51F8090FF8EEEF
:10296000C00A00EE100A30EE800A10EE100A08606D
:10297000761CF0B20BF06AF823E0491FC9B261700F
:1029800001EB810202EBC1026D49343111440A8826
:10299000A1F807204278037842EA03220A80C2782D
:1029A000837842EA03224A804279037942EA032289
:1029B0008A808079887104E0FFE75F4814300CF06A
:1029C000ABFB6148854236D15B4B5C4A0C331C3211
:1029D00000212846FFF77FFC5848574D1C3005F171
:1029E0000C050068021E28D05549A0F50070063875
:1029F00001F14E0171D0012801D002281BD1D21F54
:102A0000D0B2A07000EB800202EBC0000844018845
:102A1000A0F8071069782A7841EA02210180E97854
:102A2000AA7841EA0221418069792A7941EA0221A2
:102A30008180A9798171BDE8F0812878434C00F04C
:102A40000F01216000096060A878697840EA0120E0
:102A5000A060E9780A01297942EA1112E2606A79F4
:102A600001F00F0142EA012121611021DFED380A56
:102A70009FED380A0CF008FB10EE100A0EF0FCF87F
:102A80009FED351B53EC112B0DF042FE0DF0C6FBF4
:102A9000E0610C21F3EE0E0ABBEE0E0AE0680CF0CA
:102AA000F3FA84ED080A0C21F3EE0E0ABBEE0E0ACF
:102AB00020690CF0E9FA84ED090AA87900EE100A01
:102AC000B8EE400A84ED0C0AE87900EE100AB8EE80
:102AD000400A84ED0D0AAEE7FFE7B1F91A00A1F84C
:102AE00021006A782B7842EA03224A83EB78AE7899
:102AF00043EA06238B836B792E7943EA0623CB8343
:102B0000AB7981F82030101AB0F5805F05DDA1683F
:102B10000844A0F50050A0608DE710F5805F05DA4D
:102B2000A168084400F50050A06084E7A16808444B
:102B3000A06080E78C380020080000202C0E0020C8
:102B4000B105002000E0FFFFB43800209004002011
:102B5000DA0F4940DA0F49C00734226294A94C4089
:102B600070477047704770B5044694F820000128FC
:102B700005D0606A40F400206062012070BD022030
:102B800084F820002068016821F00101016000F054
:102B9000A7FB05460DE000F0A3FB401B0A2808D95F
:102BA000606A40F400306062052084F82000012053
:102BB00070BD20684068C007EDD1606270BD70478D
:102BC0000249884201D104F06DBD70478C38002065
:102BD000704700000249884201D104F063BD70478C
:102BE0008C380020704700000249884201D104F06F
:102BF00059BD70478C380020704710B50446002C32
:102C000002D0607910B106E0012010BD00202071D3
:102C1000204600F005F801206071002010BD000082
:102C200008B500680649884208D10648016841F4A1
:102C300080510160006800F48050009008BD0000E1
:102C400000300240303802402DE9F0410446A76DC3
:102C500000F046FB054694F835000026022806D011
:102C60008020606584F834600120BDE8F081206830
:102C7000016821F0160101602068416921F080019E
:102C80004161206C08B9A06C20B12068016821F076
:102C9000080101602068016821F0010101600BE07A
:102CA00000F01EFB401B052806D92020343420628A
:102CB000032060702670D8E720680068C007EFD155
:102CC00034343F2094F828108840B86001206070A8
:102CD00026700020C9E790F83510022903D0802122
:102CE000416501207047052180F8351000680168B2
:102CF00021F0010101600020704700002DE9F84338
:102D000004464FF00009CDF800906F484FF416517B
:102D10000068B0FBF1F7A56D2E6894F85C000822FE
:102D200002FA00F1314210D02068016849070CD541
:102D3000016821F00401016094F85C0002FA00F1DE
:102D4000A960606D40F00100606594F85C104FF080
:102D5000010808FA01F0304208D0216849690906E3
:102D600004D5A860606D40F00200606594F85C10C6
:102D700004208840304208D021680968890704D5BA
:102D8000A860606D40F00400606594F85C1010204D
:102D90008840304220D02168096809071CD5A86006
:102DA0002068016849030CD50068000304D4216C35
:102DB00091B1204688470FE0A16C69B12046884751
:102DC0000AE00168C90503D4016821F00801016027
:102DD000216C09B12046884794F85C102020884077
:102DE00030424CD021680968C90648D5A86094F8DB
:102DF000350005280BD020680168490330D50068EC
:102E0000000328D4616C51B32046884737E020681E
:102E1000016821F0160101602068416921F08001FC
:102E20004161206C08B9A06C20B12068016821F0D4
:102E30000801016094F85C103F208840A86084F885
:102E4000358084F83490216D00293BD001B02046B4
:102E5000BDE8F0430847E16B09B1204688470EE022
:102E60000168C90507D4016821F01001016084F8E8
:102E7000358084F83490E16B09B120468847606D55
:102E800000281FD0606DC00714D0052084F83500DD
:102E90002068016821F0010101600098401C009049
:102EA000B84203D820680068C007F6D184F835809E
:102EB00084F83490E16C002904D001B02046BDE8CC
:102EC000F0430847BDE8F883700300202DE9F04186
:102ED000044600F005FA05465CB1022084F835008E
:102EE000002684F834602068016821F00101016047
:102EF0000DE00120BDE8F08100F0F2F9401B05284B
:102F000005D920206065032084F83500F2E72068A9
:102F10000068C007F0D121680A6820480240D4E95F
:102F200001031843D4E903352B431843636918435D
:102F3000A3691843E3691843236A18431043626A7C
:102F4000042A03D1D4E90B231A43104308602068F4
:102F5000406920F00700656A2946054301270429D6
:102F60000DD1A06A0543E06A48B12046FEF71EFE77
:102F700028B14020606584F835700120BAE72068E8
:102F800045612046FEF7FCFD94F85C203F2191400E
:102F90008160666584F835700020ABE73F8010F0F3
:102FA0002DE9F04104460025A66D94F8340001286F
:102FB0000DD0012084F8340094F835700020012FE2
:102FC00007D084F8340002252846BDE8F0810220AD
:102FD000FBE7022784F8357060652046FEF722FE85
:102FE00094F85C103F208840B0602068016841F090
:102FF00016010160206C20B12068016841F00801D1
:1030000001602068016841F001010160DCE7000017
:1030100070B5044600F064F90546601C02D004480F
:103020000078044400F05CF9401BA042FAD370BD64
:103030006403002010B5234C10281BD020282BD06F
:10304000082837D0012814D160710CF00BFF01283B
:103050000FD004F10C01A0690CF038FAE0680028E8
:1030600007D019494FF080500860BFF34F8FBFF36E
:103070006F8F10BD09200AF0E9FC607840F0010074
:103080006070A07840F00100A07020790028F0D096
:10309000BDE810400AF098BE08200AF0D7FC20785E
:1030A00040F00100207020790028E2D0BDE81040F7
:1030B0000AF08ABE0A200AF0C9FCE07840F001005C
:1030C000E07010BD4801002004ED00E010B5044997
:1030D0000A68024202D00860FFF7ACFF10BD000092
:1030E000143C01402DE9F84F0022DFF89C914FF08D
:1030F000010803274FF00F0C09F1040AA9F1040B92
:1031000008FA02F50B682B40AB426ED10C7904F043
:103110000304012C01D0022C15D18668540007FA53
:1031200004FE26EA0E06D1F80CE00EFA04FE4EEA82
:10313000060EC0F808E04468AC430D79C5F30015ED
:103140009540254345600C79E443A40708D0C56841
:10315000540007FA04F6B5438E68A6402E43C660B5
:103160000C7904F00304022C11D1D40800EB84067E
:10317000356A5407E40E0CFA04FE25EA0E05D1F870
:1031800010E00EFA04FE4EEA050EC6F820E00568CF
:10319000540007FA04F6B5430E7906F00306A6407C
:1031A0002E4306604C6814F4403F67D0374C2568C6
:1031B00045F480452560246804F480440094344C30
:1031C00022F003052E19D6F8085894074FEA147E0A
:1031D0000CFA0EF4A5432F4CA04201D1002424E0A8
:1031E0002D4CA04202D101241FE047E02B4CA0420D
:1031F00001D1022419E02A4CA04201D1032414E099
:10320000284CA04201D104240FE0274CA04201D158
:1032100005240AE0254CA04201D1062405E0244CF7
:10322000A04201D1072400E0082404FA0EF42C4344
:10323000C6F80848D9F800409C434D68ED0200D517
:103240001C43C9F80040DAF800409C434D68AD02C9
:1032500000D51C43CAF80040DBF800409C434D6891
:10326000AD0300D51C43CBF80040074D083D2C684A
:103270009C434E68F60300D51C432C60521C102A58
:10328000FFF43EAFBDE8F88F083C014044380240EF
:1032900000300140000002400004024000080240EB
:1032A000000C0240001002400014024000180240CE
:1032B000001C02400069084201D001207047002034
:1032C0007047426921EA02030A4043EA02418161F0
:1032D0007047002A01D081617047090481617047FD
:1032E00001488068704700006403002070B5044600
:1032F000002C04D094F83D00002510B106E0012018
:1033000070BD84F83C50204600F0ACFA242084F8CC
:103310003D002068016821F001010160206801681A
:1033200041F4004101602068016821F4004101601E
:1033300001F064F94F4B6168994203D84E498842C5
:1033400003D304E04D49884201D2012070BD4C49AD
:10335000B0FBF1F12268566826F03F060E43566036
:1033600062689A4201D8491C07E04FF496725143B3
:103370004FF47A72B1FBF2F1491C2268166A26F00A
:103380003F06314311626168994210D84900401EDE
:10339000B0FBF1F2521CC2F30B02042A01D204204A
:1033A00022E0B0FBF1F0401CC0F30B001CE0A2686F
:1033B000F2B301EBC10303EB0116431EB3FBF6F3BB
:1033C0005B1C43F480431B0549D092B301EBC1025F
:1033D00002EB0111401EB0FBF1F0401CC0F30B00EA
:1033E00040F4804040F400402168CA694CF6FF7305
:1033F0009A431043C861D4E907100143206802686A
:1034000022F0C00211430160D4E9030101432068A6
:10341000826848F2FF339A4311438160D4E9051072
:1034200001432068C26822F0FF021143C16001E03D
:103430000EE016E02068016841F00101016025649A
:10344000202084F83D00256384F83E50002070BDA4
:1034500001EB4106431EB3FBF6F35B1CB3E701200F
:10346000C2E701EB4101401EB0FBF1F0401CC0F38C
:103470000B00B7E7A086010080841E0000093D0014
:1034800040420F002DE9FF4F83B00446DDE911985B
:103490008A469346109FFFF723FF054694F83D00A8
:1034A000202803D0022007B0BDE8F08F19230122A5
:1034B00098492046009502F01FFD08B10220F2E76E
:1034C00094F83C00012807D0012084F83C002068D3
:1034D0000168C90702D005E00220E4E7016841F075
:1034E000010101602068016821F40061016022206F
:1034F00084F83D00402084F83E0000262664676280
:10350000A4F82A90608D20858348E062CDE900858B
:103510005A4651462046069B02F0C0FB08B10120E6
:10352000C1E7208D48B1012810D002281CD02068A6
:10353000416980690290794FE1E0206841698169C1
:103540000291016841F400710160F4E720680168AC
:1035500021F48061016020684169816902910168FC
:1035600041F400710160E6E72068016821F48061A0
:1035700001602068016841F40061016020684169D0
:1035800080690290D7E703287ED801280BD0022853
:103590001FD04346002239462046009502F0ACFC7D
:1035A000F0B301207FE72A464146204602F05EFD47
:1035B00008B1012077E720680069616A0870606AD5
:1035C000401C6062208D401E2085608D401E6085FD
:1035D00095E04346002239462046009502F08CFCD7
:1035E00008B101205FE72068016841F400710160C3
:1035F00020680069616A0870606A401C6062218D01
:10360000491E2185618D491E618521680969017006
:10361000606A401C6062208D401E2085608D00E045
:1036200002E0401E60856AE02068016821F4806144
:10363000016020680069616A0870606A401C60620D
:10364000208D401E2085608D401E608543460022EF
:1036500039462046009502F04FFC08B1012022E7D0
:103660002068016841F40071016020680069616AA6
:103670000870606A401C6062218D491E2185618D41
:10368000491E6185216800E00BE009690170606AEC
:10369000401C6062208D401E2085608D401E60852C
:1036A0002DE02A464146204602F0E0FC08B1012008
:1036B000F9E620680069616A0870606A401C60620F
:1036C000208D401E81B22185608D401E608520685E
:1036D0004269D243520712D4032903D1016821F46D
:1036E0008061016020680069616A0870606A401C3E
:1036F0006062208D401E2085608D401E6085208D7B
:1037000000287FF440AF20203C346070A670267003
:103710000020C8E6020010000000FFFF04000100C6
:103720002DE9FF4F83B00446DDE911988A469346A0
:10373000109DFFF7D5FD064694F83D00202803D0E4
:10374000022007B0BDE8F08F19230122434920462B
:10375000009602F0D1FB08B10220F2E794F83C0099
:10376000012807D0012084F83C0020680168C907BF
:1037700002D005E00220E4E7016841F001010160A8
:103780002068016821F400610160212084F83D0077
:10379000402084F83E00002727646562A4F82A9040
:1037A000608D20852E48E062CDE900865A4651465C
:1037B0002046069B02F012FB80B30120C1E732468F
:1037C0004146204602F08DFC48B1206C042804D10B
:1037D0002068016841F4007101600120B1E7606A6E
:1037E000216800780861656A6D1C6562208D401E45
:1037F00080B22085618D491E618523685969C9435E
:1038000049070BD450B128781861606A401C606287
:10381000208D401E2085608D401E6085208D0028F3
:10382000CDD132464146204602F03AFB48B1206CE9
:10383000042804D12068016841F40071016001206E
:103840007FE71F3454F81F0C016841F400710160D8
:103850002020A077E7776777002072E7020010004A
:103860000000FFFFF0B587B00446142102A8FCF762
:10387000B2FE1D492068884233D11C48016841F0DE
:1038800004010160016801F004010191016841F047
:1038900001010160006800F0010001904FF4007028
:1038A0000290122703970124049403260596042509
:1038B000069502A90E48FFF715FC20020290039717
:1038C00004940596069502A90A48FFF70BFC0748E1
:1038D0001030016841F400010160006800F400004C
:1038E000019007B0F0BD0000005C0040303802409D
:1038F000000802400000024002488168027811443A
:10390000816070476403002010B50B48016841F4E2
:1039100000710160016841F480610160016841F457
:1039200080710160032000F09FF80F2000F006F87E
:1039300000F050F8002010BD003C024030B587B0C8
:10394000054600241F48016841F00101016000683C
:1039500000F00100009001A902A800F02BFE0598DC
:10396000B0B100F04BFE40001749B0FBF1F1491E29
:1039700016484FF08042026040F2E732C260416078
:1039800004618460846101F0C9FA04461CB115E049
:1039900000F034FEE8E70D4801F02EFB04466CB958
:1039A0001C2000F033F8102D07D2002229461C20DD
:1039B00000F03AF80648056000E0012407B0204610
:1039C00030BD00004038024040420F00905A0020B5
:1039D0006803002082B00C48016841F48041016016
:1039E000006800F4804001900748001F016841F022
:1039F00080510160006800F08050019000220F218A
:103A0000901E02B000F010B844380240002809DBD4
:103A100000F01F02012191404009800000F1E020E8
:103A2000C0F8001170470000F0B40D460D4B1B6844
:103A3000C3F30223C3F10704042C00D90424191D85
:103A4000072901D2002300E0DB1E012606FA04F15B
:103A5000491E294099409E40761E16403143F0BCD5
:103A600008F07DBD0CED00E000F00701054A10688C
:103A70004FF6FF03184040EA012003490843106055
:103A8000704700000CED00E00000FA057047006888
:103A900041620020704770B50368586A002907D05A
:103AA0009C6A00EB144400204FF48275491E0AE022
:103AB00040EA024098620DE005EB80069E5904EB57
:103AC0001644401CC0B28842F6D305EB810144EA9B
:103AD00002405850002070BDD0F8E00407F01ABB37
:103AE00001EBC10200EB8202D0F8E004126A07F099
:103AF0003BBA01EBC10200EB8202D0F8E004D2F83D
:103B0000602207F09FBAD0F8E00407F005BB0A0670
:103B100001F00F0101EBC10100EB810101D514316E
:103B200001E001F51571006808F066BA70B5044649
:103B30000B0601F00F0000EBC00104EB81014FF018
:103B400001024FF0000502D514314A7002E001F580
:103B500015714D70087094F89404012808D084F809
:103B60009424206807F05CFF84F89454002070BD12
:103B7000022070BD70B5044601F00F00227990421A
:103B800001D9012070BD0B0601F00F0101EBC1014D
:103B900004EB81014FF001024FF0000502D5143112
:103BA0004A7002E001F515714D708D70087094F83F
:103BB0009404012808D084F89424206808F09AF826
:103BC00084F89454002070BD022070BD01F00F01F4
:103BD00001EBC10100EB8100D0F8680270472DE9CC
:103BE000F04104460F0601F00F0000EBC00104EBAA
:103BF00081014FF001064FF0000502D514314E70DF
:103C000002E001F515714D700870C2F30A028A6076
:103C10000B714A7802B14883022B00D14D7194F8A0
:103C20009404012809D084F89464206807F042FEC7
:103C3000284684F89454BDE8F0810220FBE710B5D3
:103C400001F00F0404EBC40100EB810101F51571D3
:103C5000CA600B6100234B614B700C708379012BA0
:103C600000D1CA618279006808F09CF8002010BD7C
:103C700070B504460D46217905F00F00884201D940
:103C8000012070BD29064FF000064FF0010206D555
:103C900000EBC00104EB810114314A7006E005EB32
:103CA000C50104EB810101F515714E708A70087031
:103CB00094F89404012807D084F89424206808F02C
:103CC00045F8280702D007E0022070BDA17904F270
:103CD0009C42206807F0E4FF84F89464002070BDE3
:103CE00010B501F00F0404EBC40100EB81011431A5
:103CF000CA600B6100234B6101234B700C70837908
:103D0000012B00D1CA618279006808F04BF80020CD
:103D100010BD2DE9F84F04462568284608F016FA2C
:103D200000287ED1206808F03DFA002879D0D5F827
:103D30000808C0F30D20C4F8D404206808F032FA53
:103D4000800704D52068416901F0020141612068C3
:103D500008F028FAC10604F29C40009035D520688E
:103D6000816921F0100181612F6A07F00F0000EBDB
:103D7000C00004EB800606F51576C7F34340022821
:103D800002D0062812D01BE047F6F070074217D089
:103D9000C7F30A1217462846F16808F007FAF068D8
:103DA0003844F06070693844706109E008222846A0
:103DB000009908F0FBF97069C7F30A1108447061B3
:103DC0002068816941F010018161206808F0EAF9FA
:103DD00000034FF0080B4FF000094FF001085ED5CB
:103DE0000026206808F0BDF9824655E05FEACA70F7
:103DF0004FD0F1B2206808F0CDF90746F80707D098
:103E000005EB4610C0F8088B3146204603F008F950
:103E1000380709D505EB4610C0F808BB31462046E7
:103E200000E0F8E103F0D8F8F80604D505EB4610F9
:103E30001021C0F8081BB8071CD56869000605D515
:103E4000D5F8040840F48061C5F8041806EBC600F4
:103E500004EB800000F51570C178012905D180F8C8
:103E60000390F1B2204600F0DCF905EB4611022088
:103E7000C1F8080BB80604D505EB46102021C0F8A0
:103E8000081BB80405D505EB46104FF40051C0F8E7
:103E9000081B761C4FEA5A0ABAF1000FA6D1206817
:103EA00008F080F940036CD5206808F053F9824689
:103EB000002663E05FEACA705DD0F1B2206808F0C6
:103EC00057F90746F80723D006F00F0108FA01F06A
:103ED000D5F834188143C5F8341805EB4610C0F8FE
:103EE0000889A07901280FD106EBC60004EB8000F9
:103EF000D0E907211144016236B9606A20B920680F
:103F00000121009A07F0CCFEF1B22046FFF7E8FD50
:103F1000380703D505EB4610C0F808B9F80604D5F4
:103F200005EB46101021C0F80819780604D505EBFA
:103F300046104021C0F80819B80716D53146284662
:103F400008F0D2F806EBC60004EB80001430C1780C
:103F5000012905D180F80390F1B2204600F05DF907
:103F600005EB46110220C1F80809380603D5314691
:103F7000204603F0C7F8761C4FEA5A0ABAF1000F40
:103F800098D1206808F00EF9002811DAD5F8040855
:103F900020F00101C5F8041894F8CC04012829D0B8
:103FA000204600F006FA2068416901F000414161B5
:103FB000206808F0F7F800050BD5D5F80808C00709
:103FC00002D0204600F038FA2068416901F400610F
:103FD0004161206808F0E6F8C00461D5D5F804080E
:103FE00020F00101C5F804181021206808F07CF8C1
:103FF000002120E084F8CC9400212046FFF746FD04
:10400000D1E705EB411000F510604FF67F3282607A
:10401000036823F400130360C0F80822D0F80022DC
:1040200022F40012C0F80022D0F8002242F0006210
:10403000C0F80022491C20798842E2D8D5F81C0833
:1040400040F00111C5F81C18E07B60B1D5F8840878
:1040500040F00B01C5F88418D5F8440840F00B0176
:10406000C5F844180CE0D5F8140842F22B010843B7
:10407000C5F81408D5F8100840F00B01C5F8101861
:10408000D5F8000820F4FE61C5F80018A179206871
:10409000009A07F005FE2068416901F480514161F2
:1040A000206808F07FF8800415D5206807F044FCEC
:1040B000206808F03BF8E07100F09AFA0146E279D6
:1040C000206808F0D9F8204600F05CF920684169C2
:1040D00001F400514161206808F064F8000707D539
:1040E000204600F06AF92068416901F00801416149
:1040F000206808F057F8000615D5A86920F080015F
:10410000A96101260CE006EBC60004EB800090F8E4
:104110005702012803D1F1B22046FFF7F8FC761CC4
:104120002079B042EFD8206808F03CF8C0021FD5D3
:10413000012615E005EB4610D0F8001906EBC60085
:1041400004EB8000027E012A09D1002907DA80F8F9
:104150001780F0B240F080012046FFF7D8FC761CB3
:104160002079B042E6D82068416901F480114161AC
:10417000206808F017F8800230D5012026E005EB12
:104180004011D1F8001B00EBC00204EB820292F850
:104190005832012B19D1002917DA94F8D43401F4DC
:1041A000803103F0010399420FD182F85782A96947
:1041B00041F08002AA616969090606D4D5F80408AD
:1041C00040F40070C5F8040803E0401C21798142E6
:1041D000D5D82068416901F400114161206807F0D9
:1041E000E1FF400007D52046FFF776FC20684169D3
:1041F00001F080414161206807F0D4FF40070AD5F3
:1042000020684568680702D52046FFF77CFC2068D7
:10421000416829434160BDE8F88FD0F8E00406F01A
:10422000CEBFD0F8E00406F0DFBFF8B50446002C9E
:1042300005D0266894F89504002510B106E0012009
:10424000F8BD84F89454204600F05AF8032084F80E
:104250009504B6F1A04F00D1A571206807F01AFDB2
:10426000207C8DF8000094E80F0007F073FB022615
:1042700018B184F895640120F8BD0021206807F08A
:10428000B4FF18B184F895640120F8BD002101271E
:104290000CE001EBC10004EB800047750175C1859E
:1042A0000576C56105624562491CC9B2207988421C
:1042B000EFD800210DE001EBC10004EB800000F518
:1042C00015704570017005718560C5600561491CF8
:1042D000C9B220798842EED8207C8DF8000094E89D
:1042E0000F0007F01DFC18B184F895640120F8BD9B
:1042F000657484F89574206807F004FC0020F8BD0C
:1043000010B586B00446142101A8FCF764F92068B2
:10431000B0F1A04F2FD100211848026842F00102ED
:104320000260006800F0010000904FF4C05001905E
:10433000022002900391032004900A20059001A915
:104340000F48FEF7CFFE0D48001D016841F08001C7
:1043500001600A481430016841F48041016000683E
:1043600000F480400090002205214320FFF75CFB11
:104370004320FFF74BFB06B010BD00003038024071
:104380000000024070B504460125E07900280ED0F7
:10439000022801D0FDF71EFD2946D4F8E00406F0FE
:1043A00094FFD4F8E004BDE8704006F047BF002554
:1043B000F2E7D0F8E00406F071BFD0F8E00406F0B0
:1043C00077BF10B5044694F8940401280AD0012060
:1043D00084F894046174206807F037FF002084F8A3
:1043E000940410BD022010BDD0F8E02400F29C41DE
:1043F000104606F076BF10B50446206894F8941471
:10440000012909D0012184F89414C168490609D50D
:10441000617B012902D005E0022010BD816B41F4CF
:1044200080318163206807F039FE206807F05CFB6B
:10443000002084F8940410BD10B50446D4F8E004BC
:1044400006F093FF2068D0F8001E41F00101C0F88B
:10445000001EE07A002804D00248016841F00601FD
:10446000016010BD10ED00E02DE9F04704460D4657
:10447000002C13D0DFF82891D9F80000EFB200F03B
:104480000700A8420CD289F80070D9F8000000F0AB
:104490000700A84204D00120BDE8F0870120FBE717
:1044A0002068404E810712D5400703D5306840F49C
:1044B000E05030602078000703D5306840F4604059
:1044C00030603068A16820F0F00008433060207848
:1044D000C00731D0334960680839012808D0022864
:1044E0000BD0032809D0096889070BD40120D3E732
:1044F0000968890306D40120CEE70968890101D43F
:104500000120C9E7316821F0030101433160FEF762
:10451000E7FE804641F2883A07E0FEF7E1FEA0EBB5
:104520000800504501D90320B6E73068616800F003
:104530000C00B0EB810FF0D1D9F8000000F00700BB
:10454000A84209D989F80070D9F8000000F00700E6
:10455000A84201D001209FE72078400705D53068A8
:10456000E16820F4E050084330602078000706D569
:104570003068216920F4604040EAC100306000F0FA
:104580005DF83168084AC1F30311515CC84007491E
:10459000086007480068FFF7D1F900207CE70000B9
:1045A000003C0240083802402C1001087003002033
:1045B000680300200F2202600B4A136803F0030314
:1045C0004360136803F0F0038360136803F4E0535F
:1045D000C360126802F46042D208026103480068B6
:1045E00000F007000860704708380240003C0240B5
:1045F00001480068704700007003002000B5FFF715
:10460000F7FF04490968044AC1F38221515CC8409C
:1046100000BD0000083802403C10010800B5FFF75B
:10462000E7FF04490968044AC1F34231515CC840BC
:1046300000BD0000083802403C10010810B51748C2
:10464000006810F00C01164816D0164B042912D041
:10465000082911D1114C241F216801F03F02216863
:1046600049020AD52068C0F38810A0FB030100238B
:10467000FBF77AFE09E0184610BD21680023C1F35C
:104680008811A1FB0001FBF76FFE2168C1F3014116
:10469000491C4900B0FBF1F010BD00000838024091
:1046A0000024F400001BB7002DE9F84F0446002C4D
:1046B00013D02078DFF8A083C007A8F1040556D0F6
:1046C00008F104000168C1F3810101290CD00068E0
:1046D000C0F38100022803D00DE00120BDE8F88F6F
:1046E000D8F80000400206D5286880033FD56068EE
:1046F00070BB0120F2E76068B0F5803F10D0B0F5E4
:10470000A02F12D0286820F480302860286820F478
:10471000802028606068E0B1FEF7E2FD064614E004
:10472000286840F480302860F4E7286840F480204E
:104730002860286840F480302860EBE7FEF7D0FD61
:10474000801B642801D90320C8E728688003F5D5B9
:104750000DE0FEF7C5FD064606E0FEF7C1FD801B35
:10476000642801D90320B9E728688003F5D42078AC
:10477000BA4F80074FF0000948D5B748001D0168BF
:1047800011F00C0F08D00068C0F38100022813D18B
:10479000D8F8000040020FD42868800704D5E068EC
:1047A000012801D0012099E72868216920F0F8004C
:1047B00040EAC100286029E0E068B8B10120386013
:1047C000FEF78EFD064606E0FEF78AFD801B0228F6
:1047D00001D9032082E728688007F5D52868216978
:1047E00020F0F80040EAC10028600FE0C7F8009010
:1047F000FEF776FD064606E0FEF772FD801B0228F6
:1048000001D903206AE728688007F5D420780007DB
:1048100029D5DFF844A2924861690AF1700A89B18A
:1048200001210160FEF75CFD064606E0FEF758FD3B
:10483000801B022801D9032050E7DAF80000800726
:10484000F4D510E0C0F80090FEF74AFD064606E0F9
:10485000FEF746FD801B022801D903203EE7DAF867
:1048600000008007F4D42078400778D54FF0000A84
:1048700079483C300068C0000BD477483C30016870
:1048800041F080510160006800F0805000904FF0CE
:10489000010ADFF8D0B1DBF80000C00514D4DBF862
:1048A000000040F48070CBF80000FEF719FD0646CA
:1048B00006E0FEF715FD801B022801D903200DE755
:1048C000DBF80000C005F4D5634EA0686C36012803
:1048D0000FD0052812D0306820F001003060306819
:1048E00020F004003060A068F8B1FEF7F9FC8346C0
:1048F00017E0306840F001003060F4E7306840F0C5
:1049000004003060306840F001003060EBE7FEF7F3
:10491000E7FCA0EB0B0141F28830814201D9032072
:10492000DCE630688007F2D510E0FEF7D9FC83465C
:1049300009E0FEF7D5FCA0EB0B0141F28830814283
:1049400001D90320CAE630688007F2D4BAF1010F1A
:1049500005D141483C30016821F080510160A069D7
:10496000C0B33D49091D09684FF0FF36C1F381010D
:10497000022946D0022805D0C7F86090FEF7B0FCA7
:1049800004463AE0C7F86090FEF7AAFC814607E0CB
:10499000FEF7A6FCA0EB0900022801D903209DE642
:1049A00028688001F4D4D4E907010843616AA26A47
:1049B000890106EB520241EA0241084394F82C10A7
:1049C00040EA0160C8F8000001203866FEF788FC64
:1049D000044607E03DE0FEF783FC001B022801D9F6
:1049E00003207BE628688001F5D532E0FEF778FCED
:1049F000001B022801D9032070E628688001F5D445
:104A000027E0012823D0D8F80000E26900F48001F3
:104A100091421AD1226A00F03F01914215D147F626
:104A2000C071626A0140B1EB821F0ED1A26A00F42C
:104A3000403106EB5202B1EB024F06D194F82C1034
:104A400000F07060B0EB016F03D0012046E601205A
:104A500044E6002042E600000438024000004742DD
:104A6000800E47420070004070B50446002C09D00B
:104A7000606A002540B125616561A56294F8510026
:104A800040B10CE0012070BD6068B0F5827FF4D0C9
:104A9000E561F2E784F85050204600F045F8022026
:104AA00084F851002068016821F040010160A0886D
:104AB000218900F4827001F404410843A18901F4C2
:104AC00000610843217C01F002010843217D01F0CF
:104AD00001010843218B01F400710843217F01F09B
:104AE0003801084394F8201001F080010843218D1B
:104AF00001F40051084321680860A069042101EA1B
:104B0000104094F8241001F0100108432168486017
:104B10002068C16921F40061C1616565012084F8E4
:104B20005100002070BD00002DE9F04387B005461C
:104B3000142102A8FBF74FFD3949286888426CD13F
:104B400000263848016841F480510160006800F493
:104B50008050019033481438016841F0020101602F
:104B6000016801F002010191016841F00101016059
:104B7000006800F001000190182002904FF0020838
:104B8000CDF80C804FF00109CDF810900324059466
:104B90000527069702A92448FEF7A4FA8020029070
:104BA000CDF80C80CDF810900594069702A91F4807
:104BB000FEF798FA1F4C1E4820604FF0C068C4F8FA
:104BC0000480A660E660071527616661A661E6615C
:104BD0004FF44030206266622046FEF777F908B154
:104BE000FDF7F8F8EC64A5631148124C18306034F6
:104BF0002060C4F804804020A060E6602761666100
:104C0000A661E661C002206266622046FEF75EF998
:104C100008B1FDF7DFF8AC64A56307B0BDE8F08329
:104C200000300140443802400004024000000240CD
:104C300040640240883900202DE9FF4F81B00446CE
:104C40000E9E93461F460125FEF74AFB804694F8C8
:104C50005100616801280AD0B1F5827F03D1A168B3
:104C600009B9042803D0022005B0BDE8F08F0298EE
:104C7000A0B3BBF1000F32D0380030D094F8500010
:104C800001282ED04FF0010A84F850A094F851006A
:104C9000042802D0052084F851004FF00009C4F820
:104CA0005490C4F838B0E787A78702982063E78656
:104CB000A786C4F84090C4F844902068016849066B
:104CC00003D4016841F040010160E068B0F5006F75
:104CD00009D06068F0B3012F4DD082E0FFE70120DA
:104CE000C2E70220C0E7606808B1012F3CD1206B09
:104CF00021680088C860206B801C2063E08E401E05
:104D0000E08631E02068816889070DD5E18E59B1D0
:104D1000012D09D1216B0988C160206B801C2063A3
:104D2000E08E401EE086002520688168C9070BD010
:104D3000E18F49B1C068A16B0880A06B801CA063A3
:104D4000E08F401EE0870125FEF7CAFAA0EB0800BD
:104D5000B04200E00FE007D3701C05D084F851A0EA
:104D600084F8509003207FE7E08E0028CAD1E08FBE
:104D70000028C7D13BE0206B216800780873206BC6
:104D8000401C2063E08E401EE0862AE02068816897
:104D900089070DD5E18E59B1012D09D1216B097813
:104DA0000173206B401C2063E08E401EE0860025CE
:104DB00020688168C9070BD0E18F49B1C068A16B39
:104DC0000870A06B401CA063E08F401EE0870125A7
:104DD000FEF786FAA0EB0800B04201D3701C12D196
:104DE0008EB1E08E0028D1D1E08F0028CED142468E
:104DF0003146204604F05CFB58B12020606584F801
:104E00005090012030E784F851A084F8509003209E
:104E10002AE7A06818B92068C1688068009084F803
:104E200051A084F85090606D08B101201CE700206B
:104E30001AE77047704710B590F83C20012A22D03D
:104E4000012280F83C20CA6800238C6822F440725A
:104E500022434C6822F4806222430C6822F40062F0
:104E600022430C6922F4805222434C6922F40052FE
:104E70002243C96922F480420A4301684A6480F8E7
:104E80003C30002010BD022010BD000070B590F82D
:104E90003C20012A31D0012680F83C60022280F8B3
:104EA0003D2002685468936824F070050C682C4318
:104EB0005460134C0268A24214D0B2F1804F11D05A
:104EC000104CA2420ED0104CA2420BD00F4CA2426A
:104ED00008D00F4CA24205D00E4CA24202D00E4C7C
:104EE000A24204D123F080034968194391603C3009
:104EF000467000210170002070BD022070BD0000CE
:104F0000000001400004004000080040000C004088
:104F100000040140004001400018004010B5044664
:104F2000002C03D094F83D0010B107E0012010BD23
:104F3000002084F83C00204600F016F8022084F897
:104F40003D00211D206804F07FFE01203D34607289
:104F50006070A070E07020716071A071E0712072CB
:104F60002070002010BD000008B500681D4A1E49D1
:104F7000904208D1086840F002000860086800F01C
:104F80000200009008BD194A904208D1086840F01C
:104F900004000860086800F00400009008BD144A8E
:104FA00090420AD11048001D016841F400310160AF
:104FB000006800F40030009008BD0E4A9042FBD11A
:104FC000086840F480700860086800F48070009001
:104FD000002205212D20FEF727FDBDE808402D20E9
:104FE000FEF714BD000400404038024000080040B5
:104FF000004401400020004090F83D10012901D0FC
:1050000001207047022180F83D100168CA6842F013
:105010000102CA6000681449884214D0B0F1804F80
:1050200011D0124988420ED0114988420BD0114943
:10503000884208D01049884205D01049884202D0E1
:105040000F49884209D1816801F00701062908D07B
:10505000016841F00101016003E0016841F00101D4
:105060000160002070470000000001400004004083
:1050700000080040000C00400004014000400140D6
:105080000018004070B50446002594F83C00012843
:1050900017D0012684F83C60022084F83D00206887
:1050A000826822F0770222F47F42826008685028EA
:1050B00038D00DDC202853D005DC90B3102811D156
:1050C0004EE0022070BD30284AD040280AD13DE091
:1050D000602831D070280CD0B0F5805F03D0B0F5D7
:1050E000005F12D001253C346670002020702846F5
:1050F00070BDCB68D1E90121206804F020FE206852
:10510000816841F077018160EDE7CB68D1E9012149
:10511000206804F014FE2068816841F480418160B9
:10512000E1E71DE0CA684968206804F0EBFE502101
:10513000206804F00EFED6E7CA684968206804F0CB
:10514000F2FE6021206804F004FECCE7CA684968DA
:10515000206804F0D7FE4021206804F0FAFDC2E781
:1051600022680146104604F0F4FDBCE770472DE9C3
:10517000F04104462068C56806694FF00007B10792
:1051800014D5A90712D5F91E0161012020772068E6
:105190008069800703D02046FFF7E8FF05E020463E
:1051A00000F022F9204600F0DBF92777700717D5C9
:1051B000680715D521686FF0040008610220207788
:1051C0002068806910F4407F03D02046FFF7CEFFAF
:1051D00005E0204600F008F9204600F0C1F92777E5
:1051E000300716D5280714D521686FF0080008612C
:1051F000042020772068C069800703D02046FFF78D
:10520000B5FF05E0204600F0EFF8204600F0A8F9D1
:105210002777F00617D5E80615D521686FF010003E
:105220000861082020772068C06910F4407F03D00F
:105230002046FFF79BFF05E0204600F0D5F820460A
:1052400000F08EF92777F00708D0E80706D021682C
:105250006FF001000861204600F0F2F9300608D531
:10526000280606D521686FF0800008612046FFF708
:10527000E0FD700608D5680606D521686FF040008D
:105280000861204600F0E3F9B0060AD5A80608D563
:1052900021686FF0200008612046BDE8F041FFF76B
:1052A000C9BDBDE8F08100002DE9F04186B004469B
:1052B000142101A8FBF78FF92068404B0224002637
:1052C0003F49012503226703984220D1086840F036
:1052D00010000860086800F0100000904FF428509B
:1052E00001900294039504920595DFF8D88001A9F6
:1052F0004046FDF7F7FE0197029403960496059544
:1053000001A94046FDF7EEFE06B0BDE8F0812E4B48
:10531000984212D1086840F004000860086800F064
:10532000040000909815019002940395049205944E
:1053300001A92648FDF7D6FEE6E7254B984211D194
:10534000086840F008000860086800F00800009055
:105350000197029403950492059401A91D48FDF755
:10536000C1FED1E71C4B984212D1086840F480700E
:105370000860086800F480700090C02001900294DA
:1053800003960496059201A91448FDF7ABFEBBE70E
:10539000134B9842B8D1086840F0200008600868B4
:1053A00000F02000009040200190029403950492A8
:1053B000059201A90B48FDF795FEA5E70000014005
:1053C0003038024000100240000400400008024053
:1053D00000080040000C0240000401400020024090
:1053E0000044014000140240704770B504460D4669
:1053F000002694F83C0001280FD0012084F83C00DE
:105400006AB1042A1FD0082A32D00C2A44D00126BF
:10541000002084F83C00304670BD022070BD294653
:10542000206804F09FFC2068816941F008018161D7
:105430002068816921F004018161206881692A69FD
:1054400011438161E4E72946206804F0BFFC20682D
:10545000816941F4006181612068816921F4806182
:105460008161206881692A6941EA02218161CFE76F
:105470002946206804F0E4FC2068C16941F0080175
:10548000C1612068C16921F00401C1612068C1695E
:105490002A691143C161BBE72946206804F008FD71
:1054A0002068C16941F40061C1612068C16921F4CB
:1054B0008061C1612068C1692A6941EA0221C16134
:1054C000A6E710B50446002C03D094F83D0010B1B7
:1054D00007E0012010BD002084F83C00204600F0C9
:1054E00015F8022084F83D00211D206804F0ACFB73
:1054F00001203D3460726070A070E07020716071B6
:10550000A071E07120722070002010BD08B5006805
:10551000104A1149904208D1086840F00100086023
:10552000086800F00100009008BD0C4A9042FBD1D1
:10553000086840F002000860086800F0020000906F
:10554000002205212D20FEF76FFABDE808402D202E
:10555000FEF75CBA000001404438024000040140FC
:105560007047000010B50446002909D004290AD06C
:1055700008290BD094F8410001280AD0012010BD61
:1055800094F83E00F8E794F83F00F5E794F84000FF
:10559000F2E70220A9B3042937D0082938D084F8CB
:1055A00041000122206804F0BDFB1E4920681E4A0C
:1055B000884201D0904203D1436C43F400434364DA
:1055C0002068884213D0B0F1804F10D0174988422C
:1055D0000DD0174988420AD01649884207D0904218
:1055E00005D01549884202D01449884213D18168F8
:1055F00001F00701062912D0016841F001010160A4
:105600000DE0FFE784F83E00CBE784F83F00C8E7F1
:1056100084F84000C5E7016841F001010160002005
:1056200010BD0000000001400004014000040040E3
:1056300000080040000C00400040014000180040FD
:105640000068B0F1804F01D1FEF756B9704770473E
:1056500070477047F8B5044622681068D1685369EE
:1056600000F00F06002E08D1850606D58D0604D55C
:105670002046BDE8F84004F0FDBC0025002E66D0B1
:1056800003F0010601F49077374360D0C20705D0DC
:10569000CA0503D5626C42F001026264420705D577
:1056A000DA0703D0626C42F002026264820705D519
:1056B000DA0703D0626C42F004026264020707D585
:1056C00001F02002324303D0626C42F008026264AF
:1056D000626C002A31D0800604D5880602D52046A7
:1056E00004F0C8FC20684069C0F38010616C0907B1
:1056F00000D438B3204604F07BFC206840694006A3
:105700001CD52068143050E8001F21F0400140E80B
:105710000012002AF5D1E06B60B159490165E06BD8
:10572000FDF7D9FA002808D0E06B016D01B0BDE8A3
:10573000F04008472046FFF78CFFF8BD2046FFF7F2
:1057400088FFF8BD2046FFF784FF6564F8BD236B32
:10575000012B7DD1C3067BD5CB067FD51068506861
:10576000009050694FF0200340064FF0020644D5E8
:10577000E16B0868406880B20028E7D0A28D8242C1
:10578000E4D9E085C869B0F5807F2DD020680C3061
:1057900050E8001F21F4807140E80012002AF5D182
:1057A0002068143050E8001F21F0010140E8001289
:1057B000002AF5D12068143050E8001F21F0400184
:1057C00040E80012002AF5D184F8423025632068B1
:1057D0000C3050E8001F21F0100140E80012002AB0
:1057E000F5D1E06BFDF730FA6663A08DE18D401ACC
:1057F00081B22046FFF72CFFF8BDA08DE18D401A45
:1058000081B2E08D0028F7D00029F5D020680C3057
:1058100050E8002F22F4907240E80027002FF5D1C5
:105820002068143050E8002F22F0010240E80027E1
:10583000002FF5D184F84230256320680C3050E801
:10584000002F22F0100240E80023002BF5D100E0E9
:1058500004E066632046FFF7FBFEF8BD020606D5AE
:105860000A0604D52046BDE8F84004F0F1BC400625
:10587000F3D54806F1D52046BDE8F84004F0DFBB7B
:105880004B9F000870B50446002C04D094F84100EA
:10589000002510B106E0012070BD84F8405020467C
:1058A00000F024F8242084F841002068C16821F425
:1058B0000051C160204604F041FC2068016921F4D8
:1058C000904101612068416921F02A01416120680D
:1058D000C16841F40051C1606564202084F8410032
:1058E00084F842006563002070BD00002DE9F04F90
:1058F00087B00446142102A8FAF76DFE90488F4A3B
:10590000143823688E490227002506154FF0030836
:105910004FF0070A4FF0400B4FF0006993426BD1F4
:105920000A6842F010020A60096801F01001019152
:10593000016841F002010160016801F0020101917A
:10594000016841F001010160006800F00100019070
:105950008020029003970495CDF81480CDF818A00C
:1059600002A97848FDF7BEFB7010029003970495DA
:10597000CDF81480CDF818A002A97348FDF7B2FB4A
:10598000734F72483860C7F80490C7F808B0FD60DC
:105990003E617D61BD61FD614FF4403038627D62E2
:1059A0003846FDF793FA08B1FCF714FAA763BC6315
:1059B0006648674F303860373860C7F80490BD607C
:1059C000FD603E617D61BD61FD614FF40030386274
:1059D0007D623846FDF77AFA08B1FCF7FBF9E76318
:1059E000BC63002205212520FEF71EF82520FEF7C6
:1059F0000DF807B0BDE8F08FDFF858C1012263450C
:105A00003DD14F49091F0B6843F480230B6009689F
:105A100001F480210191016841F0040101600068F6
:105A200000F0040001904FF440600290039704924C
:105A3000CDF81480CDF818A002A94748FDF752FB15
:105A4000434F4648C0373860C7F80490BD60FD60DA
:105A50003E617D61BD61FD613D627D623846FDF75D
:105A600035FA08B1FCF7B6F9E763BC6300220521FB
:105A70002720FDF7D9FF2720FDF7C8FFB9E7DFF89A
:105A8000E0C06345B5D10B6843F020030B600968A3
:105A900001F020010191016841F0400101600068BE
:105AA00000F0400001904FF484400290039704926C
:105AB000CDF814800820069002A92A48FDF712FBB1
:105AC0002248294F903838604FF02068C7F804808A
:105AD000BD60FD603E617D61BD61FD614FF40030E0
:105AE00038627D623846FDF7F1F908B1FCF772F9CA
:105AF000E763BC6315481C4F183860373860C7F837
:105B00000480C7F808B0FD603E617D61BD61FD6144
:105B10004FF4403038627D623846FDF7D7F908B15E
:105B2000FCF758F9A763BC63002205214720FDF765
:105B30007BFF4720FDF76AFF5BE700000010014094
:105B4000443802400004024000000240B8640240B1
:105B5000D03C00200048004000080240286002407D
:105B60000014014000180240F03D00207047000082
:105B700037B5044694F84100202801D002203EBDEC
:105B8000019959B352B32162A284E2840020606477
:105B9000212384F84130A56B114BEB63A56B114BAE
:105BA0002B64A56B104BEB64A36B18652068134640
:105BB000001DA56B02462846FDF7F2F921686FF03B
:105BC000400008602068143050E8001F41F0800158
:105BD00040E80012002AF5D100203EBD01203EBD64
:105BE000A59F0008E79F00085B9F0008704770476B
:105BF000FEE7000070B51948C07A01282CD118487A
:105C00004488184D28462A7881881748007812B1B0
:105C1000012A20D10BE08C421DD201091BD10007C3
:105C200019D0012028700AF02BF9E86013E08C42AB
:105C300007D2010905D1000703D00AF021F9E86075
:105C400009E00AF01DF9E968401A40F6B8318842C7
:105C500001D900202870AC8070BD0000DB3000202E
:105C6000643100202C0200206F02002001684A6984
:105C7000D24352050FD46FF480624A61002140F88C
:105C8000301F202242738173026942F004020261D4
:105C90000173012070470020704700002DE9F84F84
:105CA00004460B9E0F4690461D462068016841F44D
:105CB000806101602068016841F480710160009694
:105CC0004FF0011A0022514620460A9B00F014F9B9
:105CD0004FF4007940B120680068C00501D5C4F8D0
:105CE00040900320BDE8F88F216807F0FE000861AE
:105CF000DFF8E4B03346594620460A9A00F052F9DC
:105D000008B10120EEE720684169806900903246C1
:105D100020460A9900F0E5F948B1206C042804D126
:105D20002068016841F4007101600120DAE728462B
:105D300008F0FF0501280DD021684FEA18200861FE
:105D4000324620460A9900F0CCF968B1206C04284C
:105D500003D007E02068056108E02068016841F48D
:105D6000007101600120BDE72068056132462046D0
:105D70000A9900F0B6F948B1206C042804D12068D3
:105D8000016841F4007101600120ABE720680168FF
:105D900041F48071016000960022514620460A9B22
:105DA00000F0AAF838B120680068C00501D5C4F831
:105DB0004090032096E72168F8B240F001000861A6
:105DC0003346594620460A9A00F0ECF808B1012003
:105DD00088E7002086E70000020001002DE9F84373
:105DE0000446DDE908970D46164698462068016886
:105DF00041F4807101604B4600224FF001112046B2
:105E0000009700F079F848B120680068C00502D515
:105E10004FF4007020640320BDE8F883216805F08A
:105E2000FE0008613B464A461C49204600F0BAF88D
:105E300008B10120F0E720684169806900903A4686
:105E40004946204600F04DF948B1206C042804D1A1
:105E50002068016841F4007101600120DCE7F5B2BF
:105E6000B8F1010F0CD02168300A08613A46494662
:105E7000204600F036F968B1206C042803D007E012
:105E80002068056108E02068016841F40071016044
:105E90000120C1E7206805610020BDE70200010084
:105EA00070B504460D4616461FE02046FFF7DEFE9D
:105EB00008B1012070BD681C17D0FDF711FA801BD6
:105EC000A84200D88DB920684069C04340070CD56E
:105ED000002044F8300F20216173A073216941F044
:105EE000200121612073012070BD20684069C043FA
:105EF0004007DAD4002070BD2DE9F0470446DDF8F4
:105F000020900D4690461E46C5F307472FE0701CB3
:105F10002DD0FDF7E5F9A0EB0900B04200D836BB63
:105F2000012F17D02068806925EA00000004000CCA
:105F30001BD0002040451AD1002044F8300F20210A
:105F40006173A073216941F0200121612073012058
:105F5000BDE8F0872068406925EA00000004000CD5
:105F600001D00020E6E70120E4E70120E2E7012F6D
:105F70000BD02068806925EA00000004000C0FD0D7
:105F800000204045C3D00020E2E72068406925EAB0
:105F900000000004000C01D00020F2E70120F0E72F
:105FA0000120EEE72DE9F04704460D4616469846D7
:105FB0004FF000094FF0200AC5F3074743E020687F
:105FC0004069C043400517D42068016841F400715E
:105FD000016021686FF480604861C4F8309084F8F3
:105FE0003DA084F83E90206C40F00400206484F8CA
:105FF0003C900120BDE8F087701C24D0FDF770F9BB
:10600000A0EB0800B04200D8EEB9012F14D02068F0
:10601000806925EA00000004000C14D0C4F8309018
:1060200084F83DA084F83E90206C40F0200020646D
:1060300084F83C900120DDE72068406925EA0000F3
:106040000004000CEAD1012F08D02068806925EAFD
:1060500000000004000CB2D10020CBE720684069AA
:1060600025EA00000004000CF6D0A8E72DE9F04175
:1060700004460D46164600274FF020082AE04069E6
:10608000C043C0060FD421686FF010004861276339
:1060900084F83D8084F83E70206C206484F83C7065
:1060A0000120BDE8F081FDF71BF9801BA84200D854
:1060B00085B920684069C04340060BD544F8307F5D
:1060C00084F80D80A773206940F0200020612773B9
:1060D0000120E6E720684169C9434906CFD4002082
:1060E000DFE770B504460D4616461FE02046FFF771
:1060F000BDFD08B1012070BD681C17D0FDF7F0F898
:10610000801BA84200D88DB920684069C0430006B2
:106110000CD5002044F8300F20216173A073216951
:1061200041F0200121612073012070BD2068406989
:10613000C0430006DAD4002070BD000008B5072077
:1061400008F054F802E0642008F050F8FAF7C8FDAF
:106150000028F8D102E0642008F048F807F03CFF7E
:106160000028F8D18C4AA2F11004101D9146211D7F
:106170008246FAF7CDFD2346A3F1400204F16C07F5
:10618000A2F10C01A1F10C00009707F0AFFDDFEDCB
:10619000830A9FED830A834A002104F1880001F0FD
:1061A00024F9A4F14002A2F10C0101F11800FAF760
:1061B000ABFA002008F056F809F00EFE7A4DA861FF
:1061C0007A491020C8610846FEF74EFC08B1FBF77B
:1061D00001FE754908222831A1F1080003F0E2F818
:1061E000012028719FED720A6B4E143686ED050A68
:1061F0009FED700A86ED060A9FED6F0A86ED070A8D
:106200004FF0FF384146012008F052FF0128F9D134
:106210002878400720D5287820F0040028706248AC
:1062200051462930FAF72CFD94ED050AD6ED050A02
:1062300030EE600A84ED050A94ED060AD6ED060AF2
:1062400030EE600A84ED060A94ED070AD6ED070ADF
:1062500030EE600A84ED070A687840070AD568784E
:1062600020F0040068704C4A211D1032A2F12A006F
:10627000FAF7BCFCA87840070CD5A87820F00400F9
:10628000A870494849461E30FAF71EFE94ED040AEC
:1062900007F024FE404B0097103BA3F14002A2F10F
:1062A0000C01A1F10C0007F021FD3B498039A1F15F
:1062B0000C0291ED000A82ED000A01F10C00D0ED14
:1062C000000AC1ED000A9FED3D1ADFED3D1A00F115
:1062D000180360EE810A9FED3B2A40EE210A93ED00
:1062E000000A40EE020AC0ED000A91ED010A82EDBB
:1062F000010AD0ED010AC1ED010A60EE810A40EE0B
:10630000210A93ED010A40EE020AC0ED010A91ED67
:10631000020A82ED020AD0ED020AC1ED020A60EE25
:10632000810A40EE210A93ED020A40EE020AC0ED16
:10633000020A02460C3318319FED230A3030FAF777
:106340003DFBDFF854B0ABF1340B0BF104035946BD
:106350001A1DA1F1100007F055FCDBED000A9FEDBE
:106360001B0A0BF10C0020EE801ADFED190AC1EEBA
:10637000201AC0ED001A9BED011A21EE001AC1EEA1
:10638000201AC0ED011A9BED021A21EE000A80EEE0
:10639000201A80ED021A35E7040F0020008089459D
:1063A00000A08C45700D0108480100203039002004
:1063B00034BDC43AC0B252BBF01909BA5AF8F63F1C
:1063C0005D896EBFD5A9183B6F12833A0000344334
:1063D000DB0F4940F0B500230A253026372700247B
:1063E00012E0B5EB107F04D906EB107C01F813C066
:1063F00003E007EB107C01F813C0000101EB430C34
:106400008CF801405B1CDBB29342EAD3F0BD000084
:1064100006494FF47A700860054D0C152146284650
:10642000FCF74FFF052009F01BF8F7E734040040A4
:10643000001C0240DFED0D0A0D480E490CE010EE85
:10644000102A824202D930EE200A05E010EE102A0E
:106450008A4201DD30EE600A10EE102A8242EED848
:1064600010EE102A8A42EADC704700000000B443B4
:10647000000034C30000344310B50F480D490160DB
:106480000321416000218160C1604FF4102202614C
:106490004FF400124261017641768176C176017730
:1064A0004177FCF7B5F8002803D0BDE81040FBF7B2
:1064B00091BC10BD006400408C38002010B50F481E
:1064C0000D4901600321416000218160C1604FF4EA
:1064D000102202614FF4001242610176417681760A
:1064E000C17601774177FCF793F8002803D0BDE827
:1064F0001040FBF76FBC10BD00680040B4380020AE
:1065000010B50749054808600846FCF776FB0028E7
:1065100003D0BDE81040FBF75DBC10BD0030024069
:10652000F802002008B52548016841F480010160A7
:10653000016801F480010091016841F400110160DB
:10654000006800F400100090002205210C20FDF7E7
:106550006BFA0C20FDF75AFA002205213920FDF7CD
:1065600063FA3920FDF752FA002205213A20FDF79F
:106570005BFA3A20FDF74AFA002205213B20FDF79D
:1065800053FA3B20FDF742FA002205214420FDF793
:106590004BFA4420FDF73AFA002205214520FDF789
:1065A00043FA4520FDF732FA002205214620FDF787
:1065B0003BFABDE808404620FDF728BA30380240D3
:1065C00010B5B8B01C222C4931A8F9F7A8FF00215A
:1065D00031A807F018FE294C20601C2226491C31E6
:1065E0002AA8F9F79CFF00212AA807F00CFE60609A
:1065F0001C222149383123A8F9F791FF002123A853
:1066000007F001FEA0601C221B4954311CA8F9F7B9
:1066100086FF00211CA807F0F6FDE0601C22164949
:10662000703115A8F9F77BFF002115A807F0EBFDE5
:1066300020611C2210498C310EA8F9F770FF00214F
:106640000EA807F0E0FD60611C220B49A83107A8E5
:10665000F9F765FF002107A807F0D5FDA0611C220E
:106660000549C4316846F9F75AFF0021684607F02A
:10667000CAFDE06138B010BD440F0108D40200200B
:106680002DE9F04F87B0142102A8F9F7A4FF0026E6
:106690007948016841F010010160016801F01001C2
:1066A0000191016841F002010160016801F00201FD
:1066B0000191016841F040010160016801F0400171
:1066C0000191016841F001010160016801F00101DF
:1066D0000191016841F008010160016801F00801C1
:1066E0000191016841F004010160016801F00401B9
:1066F0000191016841F480710160016801F48071C9
:106700000191016841F080010160016801F08001A0
:106710000191016841F020010160006800F0200053
:106720000190DFF858B1012240215846FCF7D1FD15
:106730004FF4E058002241465148FCF7CAFD0122BF
:1067400010215048FCF7C5FD002240214D48FCF7C0
:10675000C0FD012211464C48FCF7BBFD0327029700
:1067600003960225049502A94848FCF7BBFC80204B
:1067700002900396049502A94548FCF7B3FC4FF03C
:106780004009CDF80890012403940494059502A9CA
:106790005846FCF7A7FCCDF80880039404950597AC
:1067A00002A93748FCF79EFC4FF0090ACDF808A073
:1067B0004FF40418CDF80C80049402A95846FCF755
:1067C00091FC600202900396049502A92C48FCF704
:1067D00089FC1020029003940494059502A929488D
:1067E000FCF780FC30200290CDF80C80049402A9C4
:1067F0002748FCF777FCCDF8089011200390049609
:10680000059602A91F48FCF76DFC029403940494BA
:10681000059502A91C48FCF765FCB8030290039596
:1068200004940597CDF818A002A91748FCF75AFC64
:10683000002205210620FDF7F7F80620FDF7E6F80F
:10684000002205210920FDF7EFF80920FDF7DEF809
:10685000002205210A20FDF7E7F80A20FDF7D6F807
:10686000002205211720FDF7DFF81720FDF7CEF8ED
:1068700007B0BDE8F08F0000303802400018024039
:10688000001C0240000002400004024000100240D0
:106890000008024010B50D480B4901600C494160E9
:1068A00000218160C1604FF48042026141618161D9
:1068B000C1610162FCF71AFD002803D0BDE8104059
:1068C000FBF788BA10BD0000005C0040DC380020F7
:1068D000801A060010B510480E4901604FF482710D
:1068E000416000218160C160022202610122426197
:1068F000520282613822C2610162416281620A21D0
:10690000C162FEF7B1F8002803D0BDE81040FBF7E4
:1069100061BA10BD003001403039002010B588B098
:106920001C2101A8F9F757FE1448134901600024FF
:106930004460846041F28731C16004618461FEF784
:10694000EDFA08B1FBF746FA0C48FEF7BAFD08B1BC
:10695000FBF740FA60200190029403940594002212
:1069600001A90648FEF741FD08B1FBF733FA0348D9
:10697000FEF79AFC08B010BD00440140683B0020BF
:1069800010B50B4809490160532141600021816025
:1069900040F2CF72C26001618161FEF7BFFA002848
:1069A00003D0BDE81040FBF715BA10BD0020004031
:1069B000B03B002010B592B00024109411941C211B
:1069C00009A8F9F708FE202101A8F9F704FE2C48D0
:1069D0002A490160A7214160846044F61F61C160BB
:1069E000046144618461FEF76CFD08B1FBF7F2F9C4
:1069F0001094119410A92248FEF748FA08B1FBF749
:106A0000E9F9602009900A940B940C940D940E946B
:106A10000F94002209A91A48FEF7E7FC08B1FBF71A
:106A2000D9F9042209A91648FEF7DFFC08B1FBF7E3
:106A3000D1F9082209A91248FEF7D7FC08B1FBF7E3
:106A4000C9F90C2209A90E48FEF7CFFC08B1FBF7E3
:106A5000C1F9019402940394049405944FF40050F6
:106A60000690089401A90648FEF7E5F908B1FBF77E
:106A7000B1F90348FEF718FC12B010BD0000014048
:106A8000483A002010B58EB000240A940B940C9460
:106A90000D94089409941C2101A8F9F79CFD1E4847
:106AA0001C49016053214160846040F2E731C160BC
:106AB00004618461FEF732FA08B1FBF78BF94FF4F9
:106AC00080500A900AA91448FEF7DCFA08B1FBF7D7
:106AD00081F91148FEF7F5FC08B1FBF77BF9089442
:106AE000099408A90C48FEF7D1F908B1FBF772F92F
:106AF00060200190029403940594082201A906489D
:106B0000FEF773FC08B1FBF765F90348FEF7CCFB11
:106B10000EB010BD00040040903A002010B58EB0B9
:106B200000240A940B940C940D94089409941C214D
:106B300001A8F9F750FD1E481C49016044608460BB
:106B400045F20721C16004618461FEF7E7F908B1ED
:106B5000FBF740F94FF480500A900AA91448FEF759
:106B600091FA08B1FBF736F91148FEF7AAFC08B113
:106B7000FBF730F90894099408A90D48FEF786F947
:106B800008B1FBF727F96020019002940394059463
:106B9000082201A90648FEF728FC08B1FBF71AF9FC
:106BA0000348FEF781FB0EB010BD00000008004056
:106BB000D83A002010B592B00024109411941C21F2
:106BC00009A8F9F708FD202101A8F9F704FD2548D7
:106BD0002349016040F28F614160846040F2CF71CF
:106BE000C160046144618461FEF76BFC08B1FBF78E
:106BF000F1F81094119410A91A48FEF747F908B15A
:106C0000FBF7E8F8602009900A940B940C940D941B
:106C10000E940F94042209A91248FEF7E6FB08B16E
:106C2000FBF7D8F8082209A90E48FEF7DEFB08B1E9
:106C3000FBF7D0F8019402940394049405944FF464
:106C400000500690089401A90648FEF7F4F808B130
:106C5000FBF7C0F80348FEF727FB12B010BD000099
:106C600000040140203B002010B50C480A49016097
:106C70004FF4E131416000218160C16001610C226B
:106C800042618161C161FEF7FDFD002803D0BDE8CE
:106C90001040FBF79FB810BD00100140F83B0020EA
:106CA00010B50C480A4901600B4941600021816020
:106CB000C16001610C2242618161C161FEF7E2FDA8
:106CC000002803D0BDE81040FBF784B810BD0000D9
:106CD00000480040403C0020A086010010B50C4850
:106CE0000A4901604FF4E131416000218160C160D7
:106CF00001610C2242618161C161FEF7C3FD002880
:106D000003D0BDE81040FBF765B810BD001401408A
:106D1000883C002010B500220F49104804F0FEF80E
:106D200008B1FBF757F80E490C4804F04DFB08B1C9
:106D3000FBF750F80B49094803F084FD08B1FBF755
:106D400049F8064804F016FC002803D0BDE81040BE
:106D5000FBF740B810BD000000030020B03E00204B
:106D60004804002050030020FEE7FEE710B5064966
:106D70008878812801D0012010BD1F22C91C03483A
:106D8000F9F788FB002010BD802000208030002013
:106D9000F8B57F49AA220A708870A0F1140208236E
:106DA0007C4CA1F10805052A7ED2DFE802F003261B
:106DB000873B9D0010224A7029892180A070764867
:106DC000764B4168596082689A6000681860C4F820
:106DD0000300C4F80710C4F80B200F216D48FAF720
:106DE0007DFAE073012028716879401C6871BDE864
:106DF000F84010216748FAF703BA05224A7029893A
:106E00002180A070A878697808430090E070042180
:106E10006048FAF763FA2071BDE8F84005215D4843
:106E2000FAF7EEB94B7029892180A0704FF40071F8
:106E30005B48FCF73FFA08B1022000E00120544E05
:106E4000F61C307002282FD180215648FCF732FA08
:106E500008B1012000E000207070534F0121384636
:106E6000FCF728FA08B1012000E00020B0700221F0
:106E70003846FCF71FFA08B1012000E00020F0704E
:106E80004A4E40213046FCF715FAA8B100224021B5
:106E90003046FCF71EFAD5F80B00C4F803000721B2
:106EA0003C48FAF71BFA00E070E0E071BDE8F840FA
:106EB00008213848FAF7A4B90122E8E74B7029897C
:106EC0002180A070D5F80F00C4F8030007213148D5
:106ED000FAF704FAE071E878401CE870BDE8F84081
:106EE00008212C48FAF78CB934224A70298921806C
:106EF000A0702F4929480F304A8820F8032C898830
:106F000020F8011C2B490A7812094270B1F80110CF
:106F1000418029498A8882800988C18027490A8856
:106F200002814A8842818A888281CA88C2814A89CC
:106F300002828A894282CA8982820A8AC2824A8AF3
:106F400002838A8A4283CA8A82834A8BC2838A8B5B
:106F50000284C98B41841A49096841621949096848
:106F6000816219490978090980F82C10C11E302264
:106F7000E01CF9F78FFA33210648FAF7AFF9E0730E
:106F8000BDE8F84034210348FAF73AB9F8BD0000EB
:106F90006002002080280020DC0E00209F300020AE
:106FA000001C0240000802400010024000000240A5
:106FB0006431002039310020870200204431002054
:106FC0007A020020760200206F0200200148FCF7C0
:106FD000A0BE0000AC43002070B504462068056CDC
:106FE00000EB4110D0F8081B0C4EB54205D909043E
:106FF00003D54FF40041C0F8081B2046FDF7F4F913
:10700000B54208D9A079012805D104F29C4201219A
:10701000206804F045FE002070BD00000A30544F87
:107020002DE9F04105460C462E68306C06EB441104
:10703000D1F8083B95F806804FF400474FF0200C3C
:1070400005F29C42B8F1010F08D0DFF8B08040454E
:1070500045D118043AD5C1F8087B4CE0284E5FEAC8
:10706000037806D5B04246D9180444D5C1F8087B48
:1070700041E05FEA836802D5C1F808CB3BE013F03A
:10708000280F38D1B04204D9180402D5C1F8087BC2
:1070900031E004EBC40005EB800000F51570D1F879
:1070A000101B036AC1F31201591A416124B9036923
:1070B0003BB1C2681144C160E1B22846FCF719FD3A
:1070C00019E00121286804F0EBFDF5E7980601D5E9
:1070D000C1F808CBE1B22846FCF70BFD0BE034B950
:1070E000D5F8640218B90021304604F0D9FDE1B2A8
:1070F0002846FCF7FEFC0020BDE8F0810A31544F21
:107100000A30544F2DE9F84F80460E46D8F80070EB
:1071100006EBC60008EB80041434D4E9041088425E
:1071200002D90120BDE8F88F081AA168814200D277
:107130000846C01C4FEA900A07EB461916E0151ADC
:10714000A268AA4200D21546E81C4FEA900A98F8B5
:1071500006000090ABB2F2B23846E16805F006F9DD
:10716000E0682844E060606928446061D9F8180943
:1071700080B2504505D3D4E90420904201D2002AC0
:10718000DDD1D4E90401884208D806F00F010120BE
:107190008840D7F834188143C7F834180020C1E775
:1071A00070B5002815D0401CC36B0364826BC263AA
:1071B00010EE901A416110EE101A816130EEC00A93
:1071C00010EE101A816310F8014D2CB1012C76D00D
:1071D000F3E09FED7C0A70BD50F8013F00EE101AFD
:1071E00000EE903A20EE800A10EE104A0462436AE4
:1071F00000EE901A00EE103A436801EE103A01EEEC
:10720000200A10EE103A436200EE101A00EE902AA7
:10721000016B30EE600AF6EE000A01EE101A20EE65
:10722000200A01EE200A10EE101AC1620163826882
:1072300000EE101A00EE902A20EE800A10EE102ABE
:107240008262016900EE103A00EE901A401EB4EE20
:10725000E00AF1EE10FA02DDC0F8251012E000EEAF
:10726000901A00EE103AF1EE600AB4EEE00AF1EE88
:1072700010FA07D200EE101AB1EE400A10EE101A02
:10728000C0F825100D3000EE104A816900EE901A0A
:1072900070EE200A00EE102A30EE800A10EE102A5E
:1072A000026150F80D1900EE102A00EE901AB4EEAB
:1072B000E00AF1EE10FA03DDC0F81D107DE013E0E6
:1072C00000EE901A00EE102AF1EE600AB4EEE00A29
:1072D000F1EE10FA71D200EE101AB1EE400A10EE83
:1072E000101AC0F81D1068E000EE101A00EE902A87
:1072F00050F8014F70EE600A00EE104A20EE800A4E
:1073000010EE104A0462456800EE101A00EE905A22
:1073100060EE800A10EE905A4562066B4663C66ABC
:10732000066300EE101A00EE902AB0EE001A00EE8E
:10733000C10A00EE903A30EE200A10EE101AC16237
:10734000826800EE101A00EE902A20EE800A10EEFD
:10735000101A816200EE104A00EE905A70EE200A78
:1073600000EE101AC16970EE800A00EE101A30EEBD
:10737000800A10EE102AC261C16800EE102A00EEE9
:10738000901A401EB4EEE00AF1EE10FA02DDC0F8E9
:107390001D1012E000EE901A00EE102AF1EE600AC5
:1073A000B4EEE00AF1EE10FA07D200EE101AB1EED8
:1073B000400A10EE101AC0F81D10D0F81D0000EEA3
:1073C000100A70BD0000000000280DD0002115300B
:1073D000C162816241620162C16181614161016199
:1073E000C160816001604160704700281BD0002AA5
:1073F00019D0401C00F8011C1168016051684160FF
:107400009168816010EE101AC16010EE901A01614F
:10741000002141630163C162C16181624162016215
:107420000164C163816370472DE9F041DFF8B881E1
:107430006E4C4146D8F80000012700EE100A4A6859
:107440006B4D04F1DC000026DFED6A0AB5EEC00AE0
:10745000D4F84A10F1EE10FA06D100EE102AB5EE7B
:10746000C00AF1EE10FA26D000EE102AB1EE401A52
:1074700000EE101A31EE400A85ED040AFFF790FE87
:1074800054F83E0F00EE100AA06800EE900AD4F8FF
:10749000BB0070EE600A00EE100A9FED571A10EE66
:1074A000810A10EE100A6060D8F8040020613E3CAA
:1074B0002F71EF704CE0514BDA7A032A02D0012A87
:1074C00036D045E095F803C085F804C0B3F9023022
:1074D0005A1D0B2A01D3EE7000E0EF70EA7812B16A
:1074E000012A11D015E000EE103AF8EEC00A9FED27
:1074F000441A80EE810AF1EE040A20EE200A10EE12
:10750000103AC4F8423004E0BCF1000F01D1C4F8D5
:107510004E10012A1CD1D4F84E2000EE101A00EEB5
:10752000902AFFF73DFED4F8F900C4F842000FE0BE
:1075300000F068F8F0EE400AD4F84A0000EE100AB5
:107540002A489730FFF72CFED4F8B400C4F8420064
:10755000A06840F61522A0F5C0417C39914227D39E
:107560004CF25031884223DA46F27C0188420DDA2F
:10757000D4F8421000EE101AB5EEC00AF1EE10FA7F
:1075800004DD44F8426FA168E160423C46F6902178
:1075900088420DDDD4F8420000EE100AB5EEC00AB4
:1075A000F1EE10FA04D244F8426FA068E060423C69
:1075B000D4F8420000EE900AD4F83E0000EE100A23
:1075C0000A485230FFF7ECFDD4F86F00F0EE080ADD
:1075D00000EE100A30EEC00ABDEEC00A10EE100A2E
:1075E000A087BDE8F08100008030002090040020DA
:1075F000F0010020000000006666E63FDB3000205E
:107600000000254410B586B02348D0F81A0000EEDB
:10761000100AB5EEC00AF1EE10FA01D0012400E024
:10762000002418221D496846F8F779FF1C4968466E
:107630000B464A7993ED060AC2B104EB440200EB13
:107640008200D0ED020A30EE600A81ED060AD0ED2C
:10765000000AF4EEC00AF1EE10FA03DB00204871D4
:10766000C1ED060A91ED060A06B010BD04EB440216
:1076700000EB8200D0ED020A30EE800A81ED060AAE
:10768000D0ED010AF4EEC00AF1EE10FAEAD80120BA
:107690004871C1ED060AE5E780300020C40D0108FD
:1076A000F001002010B58AB004460BE002A904A83E
:1076B000F9F71CFD00280AD101AB02AA04A9204653
:1076C000FAF70EFD2046FAF78FFE0028EED10AB039
:1076D00010BD000030B5174C23685D6945F04005CA
:1076E0005D612368DC6844F01004DC60124C2368A0
:1076F0001D6825F001051D6003E01D6825F00105EA
:107700001D6023681D68ED07F7D125680B4BAB6042
:107710002368D860206801612068426020680168A1
:1077200041F4802101602068016841F0010101609D
:1077300030BD0000403C0020903D00200448004047
:1077400018B4002100915B4A0168516101791176FA
:10775000B0F805100091BDF80010B1F5017F7AD0A6
:1077600025DC554BB1F5827F5AD00EDC012943D080
:1077700002294BD003294CD0A1F58071013902D1E7
:10778000D0F80700906018BC7047A1F580710539EA
:107790004CD0FC2951D0FD2956D0FE29F3D150F808
:1077A000071F99644168D96480681865EBE740F267
:1077B0000D24A1F20D23A14269D00DDCA1F50071C9
:1077C000063951D0012952D0022959D00329DAD1E2
:1077D000D0F80700D060D6E7F42B5FD0F62B61D04D
:1077E000F82BD0D1344950F8072F8B310A6042680A
:1077F0004A6000890881C6E750F8071F1960416890
:10780000596001891981807A9872BCE7C07910703B
:10781000B9E7C11D2848202218BC0B30F8F73ABE42
:10782000B0F807105180407A1071ACE7B0F807103B
:10783000A2F80510407AD071A5E7C11D1E480D229F
:1078400018BC2B30F8F726BEC11D1B48102218BCEF
:107850003830F8F71FBE50F8071F42F82B1F8188F9
:107860009180807990718EE7C07950708BE750F8E5
:10787000071F42F8321F818891808079907182E7DA
:1078800050F8071F42F8191F808890807BE750F856
:10789000071F42F81F1F8088908074E7D0F8070008
:1078A000106170E7C11D04480F2218BC7C30F8F746
:1078B000F1BD00006E0200203931002070B5264D68
:1078C00000246C612C76254E346074603481B4726F
:1078D0002C70202106F10B00F8F75BFEAC606C8089
:1078E0002C71A5F80540EC710D2106F12B00F8F77D
:1078F00050FE102106F13800F8F74BFEB464F46432
:107900003465C5F82B40A5F82F4085F831406C70E0
:10791000C5F83240EC8685F83840C5F81940A5F81E
:107920001D40EC60282106F15400F8F732FEC5F83E
:107930001F40A5F82340C5F82540A5F829402C6133
:107940000F2106F17C00F8F724FE06F18B0004609D
:107950004460048170BD00006E02002039310020B7
:10796000F0B5304D2B685C6944F040045C612B68D5
:107970005C6944F080045C612B68DC6844F01004AE
:10798000DC6003E01C6824F001041C60EC6B2368DD
:107990001E68F607F6D1EE6BDFF88CC037684FF43F
:1079A0000066674503D9204B4C3B1E6011E01F4F1A
:1079B000BB4203D91C4B503B1E600AE0DFF86CC091
:1079C0001A4FACF1600CB83F634501D9FE6000E08E
:1079D000BE602B6824681B1DA360EB6B1B68D8601E
:1079E000E86B00680161E86B00684260E86B006862
:1079F000016841F480210160E86B0068016841F092
:107A00000101016003E0016821F001010160A86B40
:107A100000680168C907F6D1A96B28680968001DCC
:107A20008860F0BD883C002058640240B860024085
:107A30002DE9F04104460F46A526002584E038468E
:107A400006F066F894F88610062979D2DFE801F08E
:107A500003131F36415AB0420AD1012184F886101F
:107A6000B4F88720511CA4F88710111988716BE0B5
:107A7000A4F8875068E0A080B4F88720511CA4F8CF
:107A8000871011198871022084F886005CE0A188B3
:107A900041EA0021A180B4F887104A1C2144A4F8CF
:107AA00087208871A088772803D2032084F8860075
:107AB0004AE084F88650A4F8875045E0B4F887106F
:107AC0004A1C2144A4F887208871042084F8860089
:107AD0003AE0B4F887104A1C2144A4F88720887142
:107AE000B4F8870005282FD10521A01DF9F7AEFBBA
:107AF00018B1052084F8860026E084F88650A4F8A2
:107B0000875021E0A188B4F8872009318A4204D245
:107B1000511CA4F8871011198871A188B4F8870046
:107B20000931884210D384F88650A4F88750A01DEC
:107B3000F9F7B8FB40B1A01DFFF702FE04E0FFE734
:107B400084F88650A4F88750384606F045F8002897
:107B50007FF475AFBDE8F0812DE9F74F82B0F749AA
:107B60000868026822F001020260F54A10680368A2
:107B700023F00103036003E0016821F001010160CB
:107B8000EE4800680168C907F6D103E0016821F0FA
:107B900001010160EA4800680168C907F6D1E948B7
:107BA000E94AEA4BC06C0190E74CE84DE64EE74FDE
:107BB0000068DFF894B3DFF890C3E449483A6033D3
:107BC00018341835303E78374FF400680CF1300C1B
:107BD00058454CD9884201D1202041E0904201D142
:107BE00020203DE0984201D1202039E0A04201D17F
:107BF000202035E0A84201D1404631E0B04201D119
:107C000040462DE0B84201D1404629E0604501D10F
:107C1000404625E0DFF8349309F13009484502D1A8
:107C20004FF400101CE0DFF82093A9F11809484533
:107C300002D14FF4001013E0DFF8109309F190091E
:107C4000484502D14FF400100AE0DFF8FC9209F138
:107C50004809484502D14FF4001001E04FF00060A0
:107C6000DFF8E492A9F14C09C9F80000F1E0DFF86F
:107C7000DC9209F1A80948454CD9884201D120205D
:107C800041E0904201D120203DE0984201D12020E6
:107C900039E0A04201D1202035E0A84201D1404680
:107CA00031E0B04201D140462DE0B84201D140461A
:107CB00029E0604501D1404625E0DFF8909209F1C6
:107CC0003009484502D14FF400101CE0DFF87892EB
:107CD000A9F11809484502D14FF4001013E0DFF86C
:107CE0006C9209F19009484502D14FF400100AE066
:107CF000DFF8549209F14809484502D14FF40010C9
:107D000001E04FF00060DFF84092A9F15009C9F896
:107D100000009EE0DFF8349209F1480948454CD94B
:107D2000884201D1202041E0904201D120203DE055
:107D3000984201D1202039E0A04201D1202035E035
:107D4000A84201D1404631E0B04201D140462DE089
:107D5000B84201D1404629E0604501D1404625E0C6
:107D6000DFF8E89109F13009484502D14FF40010DD
:107D70001CE0DFF8D491A9F11809484502D14FF46D
:107D8000001013E0DFF8C49109F19009484502D1D1
:107D90004FF400100AE0DFF8B09109F148094845B6
:107DA00002D14FF4001001E04FF00060DFF89C9129
:107DB000A9F11009C9F80C004BE0884201D120203C
:107DC00041E0904201D120203DE0984201D12020A5
:107DD00039E0A04201D1202035E0A84201D140463F
:107DE00031E0B04201D140462DE0B84201D14046D9
:107DF00029E0604501D1404625E0DFF8509109F1C6
:107E00003009484502D14FF400101CE0DFF83891EA
:107E1000A9F11809484502D14FF4001013E0DFF82A
:107E20002C9109F19009484502D14FF400100AE065
:107E3000DFF8149109F14809484502D14FF40010C8
:107E400001E04FF00060DFF80491A9F11009C9F8D2
:107E5000080001984FF48069006858454CD9884261
:107E600001D1102041E0904201D110203DE0984224
:107E700001D1102039E0A04201D1102035E0A84204
:107E800001D1484631E0B04201D148462DE0B84228
:107E900001D1484629E0604501D1484625E0DFF898
:107EA000ACE00EF1300E704502D14FF480101CE0B2
:107EB000DFF894E0AEF1180E704502D14FF4801057
:107EC00013E0DFF888E00EF1900E704502D14FF418
:107ED00080100AE0DFF870E00EF1480E704502D124
:107EE0004FF4801001E04FF08060DFF85CE0AEF10D
:107EF0004C0ECEF80000EFE0DFF850E00EF1A80ED7
:107F0000704552D9884201D1102047E0904201D1FA
:107F1000102043E0984201D110203FE0A04201D15F
:107F200010203BE0A84201D1484637E0B04201D1E1
:107F3000484633E0B8420BD148462FE0883900204C
:107F4000E8390020303900205864024010600240B7
:107F5000604501D1484621E0DFF8A4EC704502D12C
:107F60004FF480101AE0DFF89CEC704502D14FF41A
:107F7000801013E0DFF888EC0EF1600E704502D13E
:107F80004FF480100AE0DFF87CEC0EF1600E7045D3
:107F900002D14FF4801001E04FF08060DFF864EC14
:107FA000AEF1380ECEF8000096E0DFF854EC0EF19A
:107FB000180E704548D9884201D110203DE090420A
:107FC00001D1102039E0984201D1102035E0A042C3
:107FD00001D1102031E0A84201D148462DE0B04245
:107FE00001D1484629E0B84201D1484625E0604524
:107FF00001D1484621E0DFF808EC704502D14FF48A
:1080000080101AE0DFF8FCEB704502D14FF48010CD
:1080100013E0DFF8ECEB0EF1600E704502D14FF487
:1080200080100AE0DFF8DCEB0EF1600E704502D143
:108030004FF4801001E04FF08060DFF8C4EBAEF148
:10804000400ECEF80C0047E0884201D110203DE000
:10805000904201D1102039E0984201D1102035E042
:10806000A04201D1102031E0A84201D148462DE0C4
:10807000B04201D1484629E0B84201D1484625E046
:10808000604501D1484621E0DFF874EB704502D12C
:108090004FF480101AE0DFF86CEB704502D14FF41A
:1080A000801013E0DFF858EB0EF1600E704502D13E
:1080B0004FF480100AE0DFF84CEB0EF1600E7045D3
:1080C00002D14FF4801001E04FF08060DFF830EB18
:1080D000AEF1400ECEF8080001984FF4007A006827
:1080E000584548D9884201D108203DE0904201D14D
:1080F000082039E0984201D1082035E0A04201D1A2
:10810000082031E0A84201D150462DE0B04201D113
:10811000504629E0B84201D1504625E0604501D1E2
:10812000504621E0DFF8D8EA704502D14FF4002034
:108130001AE0DFF8D0EA704502D14FF4002013E0D6
:10814000DFF8BCEA0EF1600E704502D14FF400205A
:108150000AE0DFF8B0EA0EF1600E704502D14FF48C
:10816000002001E04FF00070DFF898EAAEF1340E25
:10817000CEF80000E5E0DFF888EA0EF1780E7045F1
:1081800048D9884201D108203DE0904201D1082021
:1081900039E0984201D1082035E0A04201D1082001
:1081A00031E0A84201D150462DE0B04201D1504605
:1081B00029E0B84201D1504625E0604501D1504642
:1081C00021E0DFF83CEA704502D14FF400201AE0CC
:1081D000DFF830EA704502D14FF4002013E0DFF8F9
:1081E00020EA0EF1600E704502D14FF400200AE043
:1081F000DFF810EA0EF1600E704502D14FF4002056
:1082000001E04FF00070DFF8FCE9AEF1380ECEF877
:10821000000096E0DFF8E8E90EF1180E704548D945
:10822000884201D108203DE0904201D1082039E088
:10823000984201D1082035E0A04201D1082031E068
:10824000A84201D150462DE0B04201D1504629E06C
:10825000B84201D1504625E0604501D1504621E0A9
:10826000DFF89CE9704502D14FF400201AE0DFF8F6
:1082700094E9704502D14FF4002013E0DFF880E963
:108280000EF1600E704502D14FF400200AE0DFF8D5
:1082900074E90EF1600E704502D14FF4002001E048
:1082A0004FF00070DFF858E9AEF1400ECEF80C0048
:1082B00047E0884201D108203DE0904201D10820EA
:1082C00039E0984201D1082035E0A04201D10820D0
:1082D00031E0A84201D150462DE0B04201D15046D4
:1082E00029E0B84201D1504625E0604501D1504611
:1082F00021E0DFF80CE9704502D14FF400201AE0CC
:10830000DFF800E9704502D14FF4002013E0DFF8F8
:10831000F0E80EF1600E704502D14FF400200AE043
:10832000DFF8E0E80EF1600E704502D14FF4002056
:1083300001E04FF00070DFF8C8E8AEF1400ECEF873
:1083400008000198DFF8BCE84FF4802B00680EF1BC
:10835000180E704548D9884201D104203DE0904272
:1083600001D1042039E0984201D1042035E0A04237
:1083700001D1042031E0A84202D14FF480702CE0FA
:10838000B04202D14FF4807027E0B84202D14FF4DE
:10839000807022E0604502D14FF480701DE0DFF86C
:1083A00060E8704501D1584617E0DFF858E870459D
:1083B00001D1584611E0DFF848E80EF1600E704533
:1083C00001D1584609E0DFF83CE80EF1600E704537
:1083D00001D1584601E04FF08070DFF828E8AEF197
:1083E000340ECEF80000E5E0DFF814E80EF1780E68
:1083F000704548D9884201D104203DE0904201D126
:10840000042039E0984201D1042035E0A04201D196
:10841000042031E0A84202D14FF480702CE0B04239
:1084200002D14FF4807027E0B84202D14FF480703F
:1084300022E0604502D14FF480701DE0DFF8C0E714
:10844000704501D1584617E0DFF8B8E7704501D113
:10845000584611E0DFF8A8E70EF1600E704501D133
:10846000584609E0DFF89CE70EF1600E704501D137
:10847000584601E04FF08070DFF888E7AEF1380E23
:10848000CEF8000096E0DFF878E70EF1180E7045A0
:1084900048D9884201D104203DE0904201D1042016
:1084A00039E0984201D1042035E0A04201D10420F6
:1084B00031E0A84202D14FF480702CE0B04202D1EA
:1084C0004FF4807027E0B84202D14FF4807022E070
:1084D000604502D14FF480701DE0DFF824E770455D
:1084E00001D1584617E0DFF81CE7704501D1584626
:1084F00011E0DFF80CE70EF1600E704501D158462F
:1085000009E0DFF800E70EF1600E704501D1584632
:1085100001E04FF08070DFF8E8E6AEF1400ECEF8F3
:108520000C0047E0884201D104203DE0904201D197
:10853000042039E0984201D1042035E0A04201D165
:10854000042031E0A84202D14FF480702CE0B04208
:1085500002D14FF4807027E0B84202D14FF480700E
:1085600022E0604502D14FF480701DE0DFF890E614
:10857000704501D1584617E0DFF888E6704501D113
:10858000584611E0DFF878E60EF1600E704501D133
:10859000584609E0DFF86CE60EF1600E704501D137
:1085A000584601E04FF08070DFF854E6AEF1400E1F
:1085B000CEF808000198DFF84CE600680EF1180EBE
:1085C000704548D9884201D101203DE0904201D157
:1085D000012039E0984201D1012035E0A04201D1CB
:1085E000012031E0A84201D140202DE0B04201D16C
:1085F000402029E0B84201D1402025E0604501D16A
:10860000402021E0DFF8F8E5704502D14FF48030DA
:108610001AE0DFF8F0E5704502D14FF4803013E046
:10862000DFF8DCE50EF1600E704502D14FF48030CA
:108630000AE0DFF8D0E50EF1600E704502D14FF48C
:10864000803001E04FF48000DFF8B8E5AEF1340E81
:10865000CEF80000E5E0DFF8A8E50EF1780E7045F1
:1086600048D9884201D101203DE0904201D101204A
:1086700039E0984201D1012035E0A04201D101202A
:1086800031E0A84201D140202DE0B04201D140208C
:1086900029E0B84201D1402025E0604501D14020C9
:1086A00021E0DFF85CE5704502D14FF480301AE03C
:1086B000DFF850E5704502D14FF4803013E0DFF869
:1086C00040E50EF1600E704502D14FF480300AE0B3
:1086D000DFF830E50EF1600E704502D14FF48030C6
:1086E00001E04FF48000DFF81CE5AEF1380ECEF863
:1086F000000096E0DFF808E50EF1180E704548D945
:10870000884201D101203DE0904201D1012039E0B1
:10871000984201D1012035E0A04201D1012031E091
:10872000A84201D140202DE0B04201D1402029E0F3
:10873000B84201D1402025E0604501D1402021E030
:10874000DFF8BCE4704502D14FF480301AE0DFF866
:10875000B4E4704502D14FF4803013E0DFF8A0E4B8
:108760000EF1600E704502D14FF480300AE0DFF860
:1087700094E40EF1600E704502D14FF4803001E0B8
:108780004FF48000DFF878E4AEF1400ECEF80C0034
:1087900047E0884201D101203DE0904201D1012013
:1087A00039E0984201D1012035E0A04201D10120F9
:1087B00031E0A84201D140202DE0B04201D140205B
:1087C00029E0B84201D1402025E0604501D1402098
:1087D00021E0DFF82CE4704502D14FF480301AE03C
:1087E000DFF820E4704502D14FF4803013E0DFF869
:1087F00010E40EF1600E704502D14FF480300AE0B3
:10880000DFF800E40EF1600E704502D14FF48030C5
:1088100001E04FF48000DFF8E8E3AEF1400ECEF85F
:108820000800F948DFF8DCE3806C00900EF1180EC8
:108830000068704542D9884202D14FF0200838E0E4
:10884000904202D14FF0200833E0984202D14FF01D
:1088500020082EE0A04202D14FF0200829E0A842D3
:1088600027D0B04225D0B84223D0604521D0DFF8D0
:108870009083404502D14FF400181AE0DFF884835A
:10888000404502D14FF4001813E0DFF8748308F17B
:108890006008404502D14FF400180AE0DFF8648315
:1088A00008F16008404502D14FF4001801E04FF094
:1088B0000068D4483438C0F80080D3E0DFF840E3E3
:1088C0000EF1780E704542D9884202D14FF020084F
:1088D00038E0904202D14FF0200833E0984202D1B4
:1088E0004FF020082EE0A04202D14FF0200829E0EE
:1088F000A84227D0B04225D0B84223D0604521D02D
:10890000DFF8FC82404502D14FF400181AE0DFF88E
:10891000F482404502D14FF4001813E0DFF8E08202
:1089200008F16008404502D14FF400180AE0DFF872
:10893000D48208F16008404502D14FF4001801E0EC
:108940004FF00068AF483838C0F800808AE0DFF8A0
:10895000B0E20EF1180E704542D9884202D14FF0B4
:10896000200838E0904202D14FF0200833E09842CE
:1089700002D14FF020082EE0A04202D14FF0200893
:1089800029E0A84227D0B04225D0B84223D0604584
:1089900021D0DFF86C82404502D14FF400181AE074
:1089A000DFF86082404502D14FF4001813E0DFF891
:1089B000508208F16008404502D14FF400180AE0E7
:1089C000DFF8408208F16008404502D14FF40018FA
:1089D00001E04FF000688A484038C0F80C8041E060
:1089E000884202D14FF0200838E0904202D14FF087
:1089F000200833E0984202D14FF020082EE0A04238
:108A000002D14FF0200829E0A84227D0B04225D05B
:108A1000B84223D0604521D0DFF8E481404502D13F
:108A20004FF400181AE0DFF8DC81404502D14FF422
:108A3000001813E0DFF8C88108F16008404502D152
:108A40004FF400180AE0DFF8BC8108F160084045E7
:108A500002D14FF4001801E04FF000686848403838
:108A6000C0F808800098DFF89C81006808F11808B9
:108A7000404542D9884202D14FF0100938E0904277
:108A800002D14FF0100933E0984202D14FF01009A3
:108A90002EE0A04202D14FF0100929E0A84227D0D1
:108AA000B04225D0B84223D0604521D0DFF85091A4
:108AB000484502D14FF480191AE0DFF84891484543
:108AC00002D14FF4801913E0DFF8349109F1600905
:108AD000484502D14FF480190AE0DFF8289109F1E6
:108AE0006009484502D14FF4801901E04FF08069D8
:108AF00044483438C0F80090D8E0DFF804E10EF1C3
:108B0000780E704542D9884202D14FF0100938E002
:108B1000904202D14FF0100933E0984202D14FF059
:108B200010092EE0A04202D14FF0100929E0A8421E
:108B300027D0B04225D0B84223D0604521D0DFF8FD
:108B4000C090484502D14FF480191AE0DFF8B49084
:108B5000484502D14FF4801913E0DFF8A49009F1E1
:108B60006009484502D14FF480190AE0DFF894907B
:108B700009F16009484502D14FF4801901E04FF036
:108B8000806920483838C0F800908FE0DFF870E046
:108B90000EF1180E704546D9884202D14FF01009E7
:108BA0003DE0904202D14FF0100938E0984202D1E6
:108BB0004FF0100933E0A04202D14FF010092EE02F
:108BC000A8422CD0B0422AD0B84228D0604526D046
:108BD000DFF82C90484502D14FF480191FE0DFF8F0
:108BE0002490484502D14FF4801918E0DFF8109026
:108BF00009F16009484509D14FF480190FE00000E0
:108C0000406002404064024030390020DFF80494A4
:108C1000484502D14FF4801901E04FF08069FE48C9
:108C2000C0F80C9042E0884202D14FF010093AE0BF
:108C3000904202D14FF0100935E0984202D14FF036
:108C4000100930E0A04202D14FF010092BE0A842F9
:108C500029D0B04227D0B84225D0604523D0DFF8D4
:108C6000B89309F14009484502D14FF480191AE040
:108C7000DFF8A093A9F16009484502D14FF48019AB
:108C800011E0DFF8949309F1A009484502D14FF4AF
:108C9000801908E0DFF87C93484502D14FF4801931
:108CA00001E04FF08069DC48C0F808900098006847
:108CB000404544D9884202D14FF0080A3AE0904238
:108CC00002D14FF0080A35E0984202D14FF0080A6D
:108CD00030E0A04202D14FF0080A2BE0A84229D090
:108CE000B04227D0B84225D0604523D0DFF8289382
:108CF00009F14009484502D14FF4002A1AE0DFF893
:108D00001493A9F16009484502D14FF4002A11E0FB
:108D1000DFF8049309F1A009484502D14FF4002A75
:108D200008E0DFF8F092484502D14FF4002A01E054
:108D30004FF0007AB7489438C0F800A0D7E0DFF8C9
:108D4000D89209F1B809484544D9884202D14FF078
:108D5000080A3AE0904202D14FF0080A35E0984202
:108D600002D14FF0080A30E0A04202D14FF0080AC9
:108D70002BE0A84229D0B04227D0B84225D0604588
:108D800023D0DFF8949209F14009484502D14FF40D
:108D9000002A1AE0DFF87C92A9F16009484502D167
:108DA0004FF4002A11E0DFF8709209F1A00948455C
:108DB00002D14FF4002A08E0DFF85892484502D16A
:108DC0004FF4002A01E04FF0007A92489838C0F83A
:108DD00000A08CE0DFF8409209F15809484543D9DA
:108DE000884202D14FF0080A3AE0904202D14FF097
:108DF000080A35E0984202D14FF0080A30E0A0425C
:108E000002D14FF0080A2BE0A84229D0B04227D067
:108E1000B84225D0604523D0DFF8FC9109F1400924
:108E2000484502D14FF4002A1AE0DFF8E891A9F191
:108E30006009484502D14FF4002A11E0DFF8D891CB
:108E400009F1A009484502D14FF4002A08E0DFF8F3
:108E5000C491484502D14FF4002A01E04FF0007A56
:108E60006D48C0F80CA042E0884202D14FF0080AD9
:108E70003AE0904202D14FF0080A35E0984202D120
:108E80004FF0080A30E0A04202D14FF0080A2BE070
:108E9000A84229D0B04227D0B84225D0604523D07F
:108EA000DFF8749109F14009484502D14FF4002AD6
:108EB0001AE0DFF86091A9F16009484502D14FF44A
:108EC000002A11E0DFF8509109F1A009484502D1CC
:108ED0004FF4002A08E0DFF83C91484502D14FF4F6
:108EE000002A01E04FF0007A4B48C0F808A0009833
:108EF0000068404544D9884202D14FF0040B3AE063
:108F0000904202D14FF0040B35E0984202D14FF06D
:108F1000040B30E0A04202D14FF0040B2BE0A8423A
:108F200002D14FF4807B26E0B04202D14FF4807B27
:108F300021E0B84202D14FF4807B1CE0604502D1B1
:108F40004FF4807B17E0DFF8D09009F140094845E5
:108F500011D0DFF8C090A9F1600948450BD0DFF8C7
:108F6000B89009F1A009484505D0DFF8A890484518
:108F700001D04FF0807B27489438C0F800B0DDE086
:108F8000DFF8949009F1B80948454AD9884202D1DE
:108F90004FF0040B3AE0904202D14FF0040B35E061
:108FA000984202D14FF0040B30E0A04202D14FF0C2
:108FB000040B2BE0A84202D14FF4807B26E0B042A4
:108FC00002D14FF4807B21E0B84202D14FF4807B84
:108FD0001CE0604502D14FF4807B17E0DFF8389049
:108FE00009F14009484511D0DFF82890A9F160093E
:108FF00048450BD0DFF8209009F1A009484505D07D
:10900000DFF81090484501D04FF0807B0148983838
:1090100004E00000A064024000600240C0F800B01C
:109020008CE0DFF87093484544D9884202D14FF074
:10903000040B3AE0904202D14FF0040B35E0984225
:1090400002D14FF0040B30E0A04202D14FF0040BEC
:109050002BE0A84202D14FF4807B26E0B04202D13F
:109060004FF4807B21E0B84202D14FF4807B1CE0BA
:10907000604502D14FF4807B17E0DFF81893A9F127
:109080001809484511D0DFF8109348450DD0DFF896
:10909000049309F14809484507D0DFF8FC9209F12B
:1090A0006009484501D04FF0807BBA485838C0F875
:1090B0000CB043E0884202D14FF0040B3AE09042FA
:1090C00002D14FF0040B35E0984202D14FF0040B6F
:1090D00030E0A04202D14FF0040B2BE0A84202D1B5
:1090E0004FF4807B26E0B04202D14FF4807B21E038
:1090F000B84202D14FF4807B1CE0604502D14FF4AE
:10910000807B17E0DFF88C92A9F11809484511D04F
:10911000DFF8849248450DD0DFF8789209F14809CC
:10912000484507D0DFF8709209F16009484501D041
:109130004FF0807B97485838C0F808B00098006816
:10914000404540D9884201D1012038E0904201D108
:10915000012034E0984201D1012030E0A04201D149
:1091600001202CE0A84201D1402028E0B04201D1EA
:10917000402024E0B84201D1402020E0604501D1E8
:1091800040201CE083491839884202D14FF48030D6
:1091900015E08149884202D14FF480300FE07D49CB
:1091A0004831884202D14FF4803008E07A4960317A
:1091B000884202D14FF4803001E04FF480007649BC
:1091C00034390860CBE0DFF8CC8108F16008404515
:1091D00040D9884201D1012038E0904201D10120DC
:1091E00034E0984201D1012030E0A04201D10120B9
:1091F0002CE0A84201D1402028E0B04201D140201B
:1092000024E0B84201D1402020E0604501D1402057
:109210001CE060491839884202D14FF4803015E0D3
:109220005D49884202D14FF480300FE059494831FE
:10923000884202D14FF4803008E0574960318842BB
:1092400002D14FF4803001E04FF4800052493839A8
:10925000086084E0DFF83C81404540D9884201D174
:10926000012038E0904201D1012034E0984201D140
:10927000012030E0A04201D101202CE0A84201D120
:10928000402028E0B04201D1402024E0B84201D182
:10929000402020E0604501D140201CE03D491839C4
:1092A000884202D14FF4803015E03B49884202D118
:1092B0004FF480300FE037494831884202D14FF4F3
:1092C000803008E034496031884202D14FF4803068
:1092D00001E04FF480002F495839C8603FE08842D0
:1092E00001D1012038E0904201D1012034E09842C0
:1092F00001D1012030E0A04201D101202CE0A842A0
:1093000001D1402028E0B04201D1402024E0B84201
:1093100001D1402020E0604501D140201CE01D49E2
:109320001839884202D14FF4803015E01A4988423A
:1093300002D14FF480300FE016494831884202D103
:109340004FF4803008E014496031884202D14FF474
:10935000803001E04FF480000E49583988600F4892
:1093600003990268D1600E49029A0B68DA600368BB
:10937000049A5A600B68049A5A600068026842F0C6
:10938000010202600868016841F00101016005B056
:10939000BDE8F08F586002404064024088390020E8
:1093A000E83900202DE9F04F3B4C23685D6845F01B
:1093B00002055D6023685D6845F001055D60236816
:1093C0001C6844F040041C60344C23681D6825F080
:1093D00001051D6003E01D6825F001051D6023687F
:1093E0001D68ED07F7D12E4F2E4D2D4E4C3FDFF867
:1093F000B490D4F800B0DFF8ACC0B83D4FF4001A18
:10940000A7F10408A9F16009B34502D9C7F800A083
:109410000BE0634502D9C8F800A006E04B4502D92D
:10942000C5F80CA001E0C5F808A0DFF87CA0C3F8DF
:1094300008A02368D96021684A6021680B6843F05E
:1094400010030B60194B19680C6824F001040C60C0
:1094500003E00C6824F001040C6019680C68E40750
:10946000F7D1D3F800B04FF00064B34501D93C60A8
:1094700009E0614502D9C8F8004004E0494501D936
:10948000EC6000E0AC60C1F808A01968C86018681A
:109490004260BDE8F08F000030390020883900209C
:1094A00058640240B86002400C300140E8390020A6
:1094B0007CB504460E46154633460122022120465D
:1094C000009500F033F828B1606D40F02000606531
:1094D00003207CBD134814490068B0FBF1F04FF441
:1094E0007A71484301906068B0F5827F0DD13346B0
:1094F000002280212046009500F018F878B1606DB8
:1095000040F02000606503207CBD019838B10198CF
:10951000401E019020688068C0430006F5D50020F9
:109520007CBD00007003002000366E012DE9F84379
:1095300004460F4691461E46089DF9F7D1FE401B92
:10954000351AF9F7CDFE804626480068C0F3CB30C7
:10955000684300903AE0701C38D0F9F7C1FEA0EBE8
:109560000800A84203D215B1009858B32BE0206838
:10957000416821F0E00141606068B0F5827F0BD165
:10958000A068B0F5004F02D0B0F5806F04D120681C
:10959000016821F040010160A06AB0F5005F09D1C7
:1095A0002068016821F4005101602068016841F4DD
:1095B00000510160012050346070002020700320B1
:1095C000BDE8F88300250098401E00902068806860
:1095D00037EA000004D000204845BCD10020EFE766
:1095E0000120F9E77003002070B504460D46A52060
:1095F00020700A20A4F80100E078401CE0700421EB
:109600002046F7F713FE641D04F8010C40F2013008
:1096100020804FF490706080A58048F28000E08048
:109620000120A060641F11212046F7F725FEA4F851
:1096300011002146BDE8704013220148FCF798BA9A
:10964000883C002070B505462DED088BB0EE408AB1
:109650000E46B0EE480A03F0BBFCF0EE408AB0EED6
:10966000480A03F071FCB0EE409A2F4CE07A0328D0
:1096700028D1B4F90820B2F5FA7F23DA12F5FA7F7F
:1096800020DDB4F90420DFED299A02EBC20000EEE0
:10969000100AB0EE691AF8EEC00AB0EE480A05F0FA
:1096A00025FCB0EE408AB4F90620B0EE691A02EB50
:1096B000C20000EE100AF8EEC00AB0EE6A0A05F029
:1096C00015FC22E01A4CDFED1B9A9FED1BAA606887
:1096D0009FED1ABA00EE100AB0EE4B1A20EE290ADE
:1096E00060EE0A0AB0EE480A05F000FCB1EE408ACE
:1096F0002068B0EE4B1A00EE100A20EE290A60EE48
:109700000A0AB0EE6A0A05F0F1FB69EE080A48EEB3
:10971000800AC5ED000A29EE000A08EEC80A86EDA7
:10972000000ABDEC088B70BDDB3000203333333FC3
:109730008A300020B81EC53F000048446666663F78
:1097400010B50446DFED070A0748FDF729FD064876
:109750001938D0F8360000EE100AB1EE400A84ED58
:10976000000A10BD00000000292000201C49CA7A10
:10977000B1F90810032A07D111F5FA7F04DC9FED37
:10978000190A80ED000A1CE0032A07D1B1F5FA7F1F
:1097900004DB9FED150A80ED000A12E01349897F72
:1097A000022911D012490A781049012AD1F8121061
:1097B0000FD000EE101ADFED0F0A20EE200A80ED28
:1097C000000A90ED000A70479FED0B0A80ED000A39
:1097D000F7E700EE101AB1EE400A80ED000AF0E75C
:1097E000DB30002000E0AB4600401CC6803000208B
:1097F0002C0200209A9999BE0000000010B5174C69
:10980000B4F91C0000EE100A1548B8EEC00A80ED4D
:10981000000AE18B8182134991ED000AB8EEC00A7B
:1098200080ED020A0020104B00EB800101EBC0012B
:109830000A19B2F9021000EE101A00EBC00101EB98
:109840004011B8EEC00A03EB810181ED000A928855
:109850008A82401C0228E7DB10BD0000FF050020C3
:109860008813002010000020D014002010B52DED2A
:10987000028B00219FED178ADFED178A174AF0EE61
:10988000480AB0EE680A1648FDF7AFFD134A1448BF
:10989000F0EE480AB0EE480A0C3200214530FDF7E0
:1098A000A4FD0E4AF0EE480AB0EE680A1832002114
:1098B0000C48FDF79AFDF0EE480AB0EE680A074A38
:1098C00008482432BDEC028B0021BDE81040A430D2
:1098D000FDF78BBD00401C4600C0DA46DC0D0108D8
:1098E000A1130020E914002070B51948174901227E
:1098F00000894B893C38174C834200DB22708989F0
:10990000814200DB6270207810B9607800281CD09A
:10991000114890ED020A80ED030A9FED100A80EDD8
:10992000010A0025C5821930FDF74EFD0A485E3058
:10993000FDF74AFD074909310888401C80B20880BC
:10994000FA2802D30D802570657070BD713100203A
:10995000643100200F020020881300200000000066
:10996000FFF784FFC82005F07BFD0C4C0C4F0D4D1C
:109970000426FFF743FFF8F72FFAF8F78DF9E07A9E
:10998000012805D0787A18B92878B6EB101F01D1D4
:10999000FFF7AAFF022005F063FDEAE7DB300020B5
:1099A00080300020393100202DED028BDFF868A1D6
:1099B000DFF868919FED5A8A00250127DFF864815E
:1099C000594C5A4EA1E0D07A012806D1D07A02280B
:1099D00003D09AF80C00400702D465605448058013
:1099E0009AF80C00400704D56068142801D8401C80
:1099F0006060D07A012801D0032805D16268142A5A
:109A000002D34C4A177001E04A4A1570484A12883E
:109A1000012A54D1327852B14748807A032801D0C4
:109A200003291CD001282BD0012918D028E00129B6
:109A300001D103280BD001280ED14048007A01281B
:109A40000AD13F4804210078B1EB101F04D13D48F2
:109A500041F28831018032E03A4805802FE099F8E0
:109A6000000068B989F8007098ED020A30EE080A23
:109A700088ED030A98ED2B0A30EE080A88ED2C0ACF
:109A800099F80000D8B989F8007060780A21B0FB15
:109A9000F1F200EE102AF8EE400A98ED020A00EE0C
:109AA000880A88ED030AB0FBF1F000EE100AF8EE28
:109AB000400A98ED2B0A00EE880A88ED2C0A22480D
:109AC000007830B1032804D0012804D0022802D045
:109AD00002E0357000E0377096F800B0BBF1010F7E
:109AE00009D1207838B998ED020A88ED030A98ED7B
:109AF0002B0A88ED2C0A162214490F48F6F7CAFCE7
:109B000084F800B0022005F0ABFC104A917A0229DB
:109B10007FF45CAF57E70000643100200E020020A4
:109B20000000104788130020240200200D020020AE
:109B3000140200200C020020B91E002080300020FA
:109B4000393100201202002059020020DB300020B1
:109B500010B5502080F31188BFF34F8FBFF36F8F84
:109B600006F094F918B104494FF0805008600020C5
:109B700080F3118810BD000004ED00E030B593B013
:109B8000302107A8F6F727FD142102A8F6F723FDD8
:109B900000251D48016841F080510160006800F017
:109BA000805001901948016841F4804101600068CB
:109BB00000F48040019001200790000408900224E6
:109BC0000D9480010E9006200F90A8201090119403
:109BD0000720129007A8FAF767FD08B1F8F7FAF81E
:109BE0000F200290039404954FF4A05005904FF479
:109BF00080500690052102A8FAF736FC002801D013
:109C0000F8F7E8F813B030BD40380240007000406B
:109C10000248016841F470010160704788ED00E07E
:109C20000148FBF7A4BA0000905A002010B5044880
:109C3000FBF79DFABDE810400248FBF798BA000018
:109C4000203B0020B03B00202DE9F04102682A4D66
:109C50002A4E2B4FDFF8ACC02B4B4FF08048A84268
:109C600009D0404507D0B04205D0B84203D0604586
:109C700001D0984203D122F070044A682243A842DE
:109C80001BD0404519D0B04217D0B84215D060451E
:109C900013D0984211D01D4CA0420ED01C4CA042B3
:109CA0000BD01C4CA04208D01B4CA04205D01B4C32
:109CB000A04202D01A4CA04203D122F44074CA68D8
:109CC00022434C6922F08002224302608A68C26209
:109CD0000A688262A84201D0984201D109690163F1
:109CE000012141610169C90703D0016921F0010126
:109CF0000161BDE8F0810000000001400004004067
:109D000000080040000C00400004014000400140F9
:109D1000004401400048014000180040001C004081
:109D20000020004010B501F01F0101238B40046AA0
:109D30009C430462036A8A401343036210BD10B55A
:109D4000846824F47F4442EA03220A432243826067
:109D500010BD826822F070020A4342F00701816060
:109D600070470000F0B5056A026A22F00102026243
:109D70004368826922F0700222F003020C681443E7
:109D800025F002058A682A430E4E0F4FB04201D0DB
:109D9000B84205D122F00805CA682A4322F004021D
:109DA000B04201D0B84207D123F4807323F400738A
:109DB0004D691D438B692B4343608461496841634E
:109DC0000262F0BD0000014000040140F0B5026AEB
:109DD000036A23F0100303624368846924F4E044B7
:109DE00024F440740D6844EA052422F020028D68B2
:109DF00042EA0512104D114EA84201D0B04206D1E0
:109E000022F08002CF6842EA071222F04002A84204
:109E100001D0B04209D123F4806323F400634D697B
:109E200043EA85038D6943EA850343608461496899
:109E300081630262F0BD00000000014000040140A7
:109E4000F0B5026A036A23F4807303624368C4694D
:109E500024F0700424F003050C682C4322F40072F3
:109E60008D6842EA0522104D104EA84201D0B04242
:109E700006D122F40062CF6842EA072222F480620F
:109E8000A84201D0B04209D123F4805323F40053F7
:109E90004D6943EA05138D6943EA05134360C461C4
:109EA0004968C1630262F0BD000001400004014046
:109EB00030B5036A026A22F4805202624268C469C1
:109EC00024F4E04424F440740D6844EA052423F4A7
:109ED00000538D6843EA0533084DA84202D0084D6F
:109EE000A84204D122F480424D6942EA85124260C0
:109EF000C46149680164036230BD00000000014094
:109F00000004014010B5036A046A24F001040462ED
:109F1000846924F0F00444EA021423F00A020A439C
:109F20008461026210BD10B5036A046A24F0100453
:109F30000462846924F4704444EA023223F0A003EA
:109F400043EA01118261016210BD10B5806B0021EE
:109F5000C185C184FBF77DFB10BD70B5846B2068A3
:109F60004069C0F3C01094F841100025212904D1A4
:109F700018B1E584204600F06FF820684069C0F30E
:109F8000801094F84210222904D118B1E5852046AA
:109F900000F02EF8606C40F0100060642046FBF783
:109FA00058FB70BD10B50146886B09680968C90582
:109FB00016D40021C1840168143151E8002F22F029
:109FC000800241E80023002BF5D101680C3151E8F3
:109FD000002F42F0400241E80023002BF5D110BDD4
:109FE000FBF704FE10BD10B5806BFBF700FE10BD43
:109FF00001680C3151E8002F22F4907241E80023EF
:10A00000002BF5D10168143151E8002F22F0010234
:10A0100041E80023002BF5D1016B012909D101682A
:10A020000C3151E8002F22F0100241E80023002BF0
:10A03000F5D1202180F8421000210163704710B54E
:10A040000168CA6822F04002CA60202180F84110ED
:10A05000FBF7CCFD002010BD01680C3151E8002F4A
:10A0600022F0C00241E80023002BF5D1202180F826
:10A070004110704708B590F84210222901D0022003
:10A0800008BD82684FF480539A4201D1016921B121
:10A09000816A9A421DD052B10BE0816A026852680F
:10A0A000C2F308020A80816A891C816209E00269A0
:10A0B0007AB10268526802F07F020A70816A491C14
:10A0C0008162C18D491E0904090CC18505D000209B
:10A0D00008BD026852680A70F0E70168CA6822F099
:10A0E0002002CA600168CA6822F48072CA600168EE
:10A0F0004A6922F001024A61202180F842100021C1
:10A100004163026B012A03D0FBF730FD002008BD3C
:10A11000016301680C3151E8002F22F0100241E880
:10A120000023002BF5D101680A68D20602D50A681F
:10A1300049680091818DFBF78BFAE7E72DE9F04143
:10A14000044620680169E26821F44051114301612D
:10A15000A1682069E26901436069104301432068F6
:10A16000C26849F20C639A430A43C260206841699D
:10A17000A26921F44071114341613349206888424A
:10A1800002D03249884202D1FAF748FA01E0FAF7E0
:10A1900035FAE1690023192764253226B1F5004F0D
:10A1A00028D061688B0F8A00A0FB0701F6F7DCF866
:10A1B0000146B0FBF5F07A42504301EB800006EB1C
:10A1C0000010B0FBF5F000F0F002B1FBF5F002EB8F
:10A1D0000012B1FBF5F07B42584301EB800006EB27
:10A1E0000010B0FBF5F0216800F00F00104488600B
:10A1F000BDE8F08161684A18A0FB07015B41F6F7F2
:10A20000B3F80146B0FBF5F00201B1FBF5F06FF0D9
:10A210001803584301EB800006EBC000B0FBF5F0DB
:10A2200000F0F80002EB4002B1FBF5F0584301EBFF
:10A23000800006EBC000B0FBF5F0216800F00700DD
:10A2400010448860D4E70000001001400014014071
:10A2500090F84110212901D0022070478168B1F5A2
:10A26000805F01D1016961B1016A4A1C0262026822
:10A2700009785160C18C491E0904090CC1840AD0B7
:10A2800013E0016A02680988C1F308015160016A9C
:10A29000891C0162EEE70168CA6822F08002CA6088
:10A2A0000068C16841F04001C160002070470000B3
:10A2B0000148FBF7CFB90000F83B0020AFF3008066
:10A2C00038B52D4800680168890603D501684068E3
:10A2D000009038BD29490968C906FAD50168406867
:10A2E0000090274A10680168264B09034FF02404A8
:10A2F00020D4016821F00101016011684868C0F1B3
:10A30000240080B218804C6011680B6843F400236D
:10A310000B6011680A6842F001020A601228D8D165
:10A32000194901F1160004F029FEBDE8384000206B
:10A3300003F08CBB016821F00101016011684868DD
:10A34000C0F1240080B218804C6010498B6A23F45D
:10A3500000238B6211680A6842F001020A60122829
:10A36000B7D1094901F13A0004F008FEBDE83840D0
:10A37000002003F06BBB0000403C00200048004080
:10A38000903D00206C020020DB3000200060024085
:10A3900018B42C4908680268920603D50168406821
:10A3A00000904BE00268D20648D5026840680090F1
:10A3B000C86B00680268244B12034FF400741ED46B
:10A3C000026822F001020260C86B00684268C2F5B0
:10A3D000007292B25A801A804460C86B00680368A9
:10A3E00043F400230360C86B0068016841F0010179
:10A3F0000160164918BC01F5806003F0ABBB026830
:10A4000022F001020260C86B00684268C2F5007267
:10A4100092B25A801A804460C86B0068036823F4C3
:10A4200000230360C86B0068016841F0010101600E
:10A43000074918BC01F5007003F08CBB18BC01483B
:10A44000FBF708B9883C00202002002018160020E5
:10A450001818002070B5D0F8C822D0F8D43200EB1C
:10A460008303D3F8C032002B28D001F00F0C0CEB83
:10A470008C0400EB84050026AC6954B10CEBCC0CC9
:10A4800002EB8C02D2F81CC0B4FBFCF20CFB1242B3
:10A49000B2B1C3F81462D0F8D42200EB8200D0F835
:10A4A000C402D0F810C0BCF1000F05D00A4603F575
:10A4B0000471D3F80802E047002070BD032070BD8E
:10A4C000AE6100231A4600F05DFFF5E770B5044663
:10A4D000D4F8D40204EB8000D0F8C052002D12D082
:10A4E000204600F029FEC5F80C02D4F8D412D5F8A5
:10A4F000040204EB8101D1F8C412CA6805F50371A6
:10A500009047002070BD032070BD000070B5044668
:10A51000224D2046297800F01EFD2878002600F004
:10A520000F0000EB800004EB8000868469782046F1
:10A5300000F011FD687800F00F0000EB800004EBE4
:10A540008000A0F86461A978204600F004FDA87896
:10A5500000F00F0000EB800004EB80008684C684CE
:10A56000D4F8D40204EB8000D0F8C01299B1D0F82E
:10A57000C40240688047D4F8D40204EB8000D0F8CD
:10A58000C00201F092F9D4F8D40204EB8000C0F8C4
:10A59000C062C4F8BC62002070BD0000F40300205B
:10A5A00010B5D0F8D41200EB8100D0F8C042002CD6
:10A5B00010D0D0F8C41259B194F80002FF2807D087
:10A5C0008B6894F8012221469847FF2084F8000206
:10A5D000002010BD032010BD0A21018000487047F3
:10A5E000F803002070B5064682210C4800F0E4FB19
:10A5F00005460121094800F0DFFB04468121074898
:10A6000000F0DAFB0DB11021A971402104B1A18045
:10A6100000B1818043203080004870BD04040020D8
:10A6200070B5064682210D4800F0C6FB05460121A3
:10A630000A4800F0C1FB04468121084800F0BCFB39
:10A640000DB11021A9714FF4007104B1A18000B1C6
:10A65000818043203080014870BD00000404002048
:10A6600070B5064682210C4800F0A6FB0546012184
:10A67000094800F0A1FB04468121074800F09CFB3B
:10A680000DB11021A971402104B1A18000B18180D8
:10A6900043203080004870BD040400202DE9F047BD
:10A6A00004464FF4077001F001F905464FF0000829
:10A6B000002D63D04FF407712846F5F78CFFD4F8CE
:10A6C000D40204EB8000C0F8C052C4F8BC52207C15
:10A6D0000127494E4FF01009002858D0402302228C
:10A6E0003178204600F095FD307800F00F0000EB47
:10A6F000800004EB8000878440230222717820468A
:10A7000000F087FD707800F00F0000EB800004EB94
:10A710008000A0F86471B07800F00F0000EB8000BA
:10A7200004EB8000A0F8269008230322B17820468D
:10A7300000F06FFDB07800F00F0000EB800004EB3C
:10A7400080008784C5F80482D4F8D40204EB80002A
:10A75000D0F8C40200688047C5F81482C5F8188292
:10A76000D5F80422002A3CD0207CC8B3402371785D
:10A77000204600F05AFD0020BDE8F087D4F8D4024E
:10A7800004EB8000C0F8C0820220BDE8F0874FF4DF
:10A79000007302223178204600F03BFD307800F053
:10A7A0000F0000EB800004EB800087844FF40073FF
:10A7B00002227178204600F02CFD707800F00F0026
:10A7C00000EB800004EB8000A0F86471B07800F02A
:10A7D0000F0000EB800004EB8000A0F82690A3E7B8
:10A7E00002E00220BDE8F0874FF400737178204644
:10A7F00000F01BFDBFE70000F403002010B5D0F807
:10A80000D41200EB8101D1F8C01200290CD0027CD7
:10A81000DFF82CC052B1D1F8042240239CF801107B
:10A8200000F003FD002010BD032010BDD1F804226C
:10A830004FF400739CF8011000F0F7FCF2E7000001
:10A84000F4030020002907D0D0F8D42200EB8200C6
:10A85000C0F8C4120020704703207047D0F8D422FB
:10A8600000EB8200D0F8C002002803D0C0F8041228
:10A870000020704703207047D0F8D43200EB8300EB
:10A88000D0F8C002002805D0C0F80812C0F8102285
:10A890000020704703207047F0B583B006460C4691
:10A8A000D6F8D40206EB8000D0F8C07200210291E5
:10A8B00001910025002F0DD0217811F060023BD0CE
:10A8C000202A0AD02146304600F0C9F8032503B0FB
:10A8D0002846F0BD03B00320F0BDE28812B311F0AA
:10A8E000800F10D0D0F8C40294F801C039468368B4
:10A8F00060469847E288072A00D907223946304641
:10A9000000F0D3F8E3E7607887F80002E088402899
:10A9100000D34020C2B287F801223946304600F009
:10A92000AAF8D4E7D0F8C40294F801C000228368E2
:10A93000214660469847CAE7607858B10128C6D0DA
:10A940000A2817D00B2825D02146304600F087F87A
:10A950000325BCE796F89C02032805D02146304623
:10A9600000F07DF80325B2E7022201A9304600F08D
:10A970009CF8ACE796F89C02032805D021463046A7
:10A9800000F06DF80325A2E7012202A9304600F08D
:10A990008CF89CE796F89C02032898D02146304614
:10A9A00000F05DF8032592E710B5D0F8D41200EB63
:10A9B0008101D1F8C0220121002A03D0D2F814323B
:10A9C00013B117E0032010BD0121C2F814120A4987
:10A9D000D2F810C2097801F00F0303EB830300EBF8
:10A9E0008303C3F818C0D2F81032D2F8082200F05E
:10A9F000C9FC0021084610BDF403002010B5002456
:10AA0000D0F8B8225268904700B10324204610BD08
:10AA100090F89C22012A05D0022A03D0032A01D0F3
:10AA200000F01DB84988012904D10021C0F8A41202
:10AA300000F048B87047002070470020704710B5FC
:10AA400013460A46002100F0F0FB002010BD10B5AF
:10AA500013460A46002100F095FC002010BD10B5F9
:10AA600004468021204600F06EFC2046BDE81040E0
:10AA7000002100F068BC10B50323C0F89432C0F880
:10AA80005821C0F85C2113460A46002100F0CDFB96
:10AA9000002010BD10B50521C0F8941200231A46FD
:10AAA000194600F0C2FB002010BD10B50223C0F80B
:10AAB00094328261C26113460A46002100F062FCB2
:10AAC000002010BD10B50421C0F8941200231A46CE
:10AAD000194600F057FC002010BD000010B50028FA
:10AAE00006D00A46054906A000F0B2F9034810BD99
:10AAF0000A46024902A000F0ABF9F7E790480020AF
:10AB000043444320436F6E6669670000122008804B
:10AB1000004870472003002010B5002806D00A46E0
:10AB2000054906A000F094F9034810BD0A46024901
:10AB300002A000F08DF9F7E790480020434443203D
:10AB4000496E7465726661636500000004200880C8
:10AB5000004870471C03002010B50A46024903A0B4
:10AB600000F076F9004810BD9048002053544D691C
:10AB700063726F656C656374726F6E6963730000F6
:10AB800010B5002806D00A46054906A000F060F975
:10AB9000034810BD0A46024902A000F059F9F7E740
:10ABA0009048002053544D333220566972747561B9
:10ABB0006C20436F6D506F727400000010B51A2046
:10ABC0000880F7F75DF9014810BD0000340300204C
:10ABD000CA88012A01D0FFF742BF90F89C22012ABF
:10ABE00005D0022A03D0032A08D0FFF738BF00217E
:10ABF0008160012200F10801FFF757BF0122011D0A
:10AC0000FFF753BF2DE9F84304460F46002000909C
:10AC1000002600257888010A082970D2DFE801F0B3
:10AC2000AB040C22ABAB8B9AD4F8B412207C0A682C
:10AC3000694690470646A3E0207C4FF0020840B1E9
:10AC4000D4F8B802C16A68468847064686F801808B
:10AC500096E0D4F8B802816A68468847064686F8C6
:10AC600001808DE0C0B206285FD2DFE800F0031259
:10AC700021303F4FD4F8B402426822B1207C6946AB
:10AC8000904706467CE039462046FFF7E8FE01255E
:10AC900076E0D4F8B402826822B1207C69469047FD
:10ACA00006466DE039462046FFF7D9FE012567E0EC
:10ACB000D4F8B402C26822B1207C694690470646A7
:10ACC0005EE039462046FFF7CAFE012558E0D4F879
:10ACD000B402026922B1207C6946904706464FE0E3
:10ACE00039462046FFF7BBFE012549E0D4F8B402FF
:10ACF00042692AB1207C69469047064640E03AE026
:10AD000039462046FFF7ABFE012539E0D4F8B402FE
:10AD1000826922B1207C69469047064630E0394678
:10AD20002046FFF79CFE01252AE039462046FFF722
:10AD300096FE012524E0207C28B139462046FFF705
:10AD40008EFE01251CE0D4F8B802416B68468847A6
:10AD5000064615E0207C28B139462046FFF77FFEE5
:10AD600001250DE0D4F8B802016B68468847064615
:10AD70000721717004E039462046FFF770FE012577
:10AD8000002D0CD1FA8892B1BDF8000048B1824282
:10AD900000D90246009231462046FFF786FEBDE804
:10ADA000F88339462046FFF75AFEBDE8F88320466F
:10ADB000FFF788FEBDE8F88378B50E460546002407
:10ADC0006A88297828468A4212D900918A420FD986
:10ADD000694600F01BF84178052904D10446A178A2
:10ADE000B14205D000246988BDF800209142EFD817
:10ADF000204678BD00210278002A05D0491CC9B23E
:10AE0000401C0278002AF9D1084670470A88037866
:10AE10001A440A8001780844704790F89C22012A5D
:10AE200005D0022A03D0032A01D0FFF718BECA8832
:10AE3000022A01D0FFF713BE0121C160D0F8A4128D
:10AE400009B10321C160022200F10C01FFF72DBE00
:10AE500070B50D461646002825D004462046FFF75B
:10AE6000C9FF022101EB4000B0F5007F01D90802C3
:10AE700004E02046FFF7BEFF4000801C30803078A1
:10AE80002870032068700220217800290BD000214F
:10AE900022782A54641C401CC0B22954401CC0B201
:10AEA0002278002AF4D170BD01460020002906D086
:10AEB000012905D0022905D0032905D003207047B8
:10AEC00003207047012070470320704770B5034688
:10AED0000E46114C0F4D3246207819462844F5F79E
:10AEE000D9FA2878AA2802D16878802801D90120C7
:10AEF00070BD21783144C9B221700026884202D148
:10AF0000FBF734FF2670687821788842F0D22670EB
:10AF1000012070BD802000205802002000280FD0A2
:10AF20000023C0F8B832C0F8C432C0F8D03209B13A
:10AF3000C0F8B412012180F89C12027000F000B930
:10AF40000320704710B5D0F8C802F8F713FEBDE82B
:10AF50001040FFF7A9BF10B5D0F8C802F8F7E6FD1A
:10AF6000BDE81040FFF7A0BF70B504460B469446FD
:10AF7000002B09D043F080012046FFF75CFDFF283D
:10AF80005ED000284CD05BE004F11400D4F8941299
:10AF9000002502293BD18268C1688A420CD9521A25
:10AFA000826061462046FFF752FD00231A4619468B
:10AFB000204600F03AF92AE0914214D140688842D4
:10AFC00011D3D4F8981288420DD20022114620469F
:10AFD000FFF73DFDC4F8985200231A461946204653
:10AFE00000F023F913E094F89C02032808D1D4F868
:10AFF000B802C16821B1C4F8D452C168204688475C
:10B000008021204600F09FF92046FFF743FD94F889
:10B01000A00220B1204600F0F4F984F8A0520FE01D
:10B0200094F89C1203290BD1D4F8B8124A693AB1AA
:10B03000C4F8D4024A69194620469047002800D136
:10B04000002070BD10B504460B4694460022002B2C
:10B0500009D003F07F012046FFF7EDFCFF2857D011
:10B06000002840D054E004F5AA70D4F894120329C3
:10B070004ED1C268816891420AD98A1A8260C0683A
:10B08000824200D3024661462046FFF7D8FC3FE0EB
:10B0900094F8AA0210F01F0006D0012806D002285A
:10B0A0000AD0002070B11AE00020FBE794F8AE123D
:10B0B0002046FFF7C2FCF5E794F8AE122046FFF7F2
:10B0C000BAFCEFE794F89C12032908D1D4F8B8121F
:10B0D0000A6922B1C4F8D40209692046884720468B
:10B0E000FFF7F0FC14E094F89C1203290DD1D4F87A
:10B0F000B812D1F818C0BCF1000F06D0C4F8D402C1
:10B100008A6919462046904702460AB1104610BD8A
:10B11000002010BD0020704710B50024012180F8E8
:10B120009C12D0F8B822002A04D0526801799047C6
:10B1300000B10324204610BDD0F8C802F8F746BD80
:10B1400010B50178002927D11449C1F8E004C0F8EE
:10B15000C8124FF0A0400860042008710222CA7192
:10B16000002088714A728872C87208738873C87325
:10B170000846F9F75AF808B1F6F72CFE802107487F
:10B18000F8F785FC402200210448F8F784FC80226F
:10B1900001210248F8F77FFC002010BDAC430020DD
:10B1A0000A0601F07F01D0F8C80201EBC10100EBF3
:10B1B000810001D5807D704790F85602704710B528
:10B1C000D0F8D42200EB8202D2F8B822002A04D0B0
:10B1D00090F89C32032B02D004E0032010BD126AC9
:10B1E00002B19047002010BD10B5D0F8D42200EB7A
:10B1F0008202D2F8B822002A04D090F89C32032BA5
:10B2000002D004E0032010BD526A02B19047002032
:10B2100010BD10B514461A46D0F8C8022346F8F7F8
:10B22000DEFCBDE81040FFF73FBE10B5D0F8C80205
:10B23000F8F705FDBDE81040FFF736BE2DE9F041F7
:10B2400004460025012684F89C620020C4F894027C
:10B250006060C4F8A40284F8A002D4F8B802002800
:10B2600006D0426822B100212046904700B1032554
:10B270000022402311462046FFF7CBFFA4F864616B
:10B280004027C4F860714023002280212046FFF748
:10B29000C0FFA68427622846BDE8F08190F89C1282
:10B2A000042903D190F89D1280F89C120020704769
:10B2B00010B590F89C12032905D1D0F8B81211B13D
:10B2C000C96901B18847002010BD01740020704792
:10B2D00010B5D0F8C802F9F774F8BDE81040FFF7D0
:10B2E000E3BD10B5044604F2AA2000F054F8012092
:10B2F000C4F89402B4F8B002C4F8980294F8AA1200
:10B3000011F01F000AD001280FD0022814D02046C7
:10B31000BDE8104001F0800100F015B804F2AA2148
:10B320002046BDE8104000F027B904F2AA212046CB
:10B33000BDE8104000F072BA04F2AA212046BDE830
:10B34000104000F054B910B5D0F8C802F8F790FCDE
:10B35000BDE81040FFF7A8BD10B5D0F8C802F9F756
:10B360004AF8BDE81040FFF79FBD90F89C120429F1
:10B3700003D090F89C1280F89D12042180F89C1252
:10B380000020704710B5D0F8C802F8F7A9FCBDE856
:10B390001040FFF789BD0A780270491C0A78427094
:10B3A000491C0A784B1C1B7842EA03224280891C04
:10B3B0000A784B1C1B7842EA032282808A78C9787B
:10B3C00042EA0121C180704738B504460020009050
:10B3D000002914D0C4F8B812D4F8D40204EB8000C9
:10B3E000D0F8B802C16A19B168468847C4F8D002DB
:10B3F000D4F8D802401CC4F8D802002038BD03207D
:10B4000038BD0020704770B504468888002821D1D7
:10B41000C888F8B9488880281CD200F07F0594F8C5
:10B420009C0203280DD084F89E5229462046FFF73F
:10B430004FFF2046FFF746FB45B1022084F89C02EF
:10B4400070BD2046BDE87040FFF709BB012084F8BD
:10B450009C0270BD2046BDE87040FFF700BB03466C
:10B460000020D3F8B822002A02D0126818461047EC
:10B47000704700002DE9F04104460F460025334E89
:10B48000B9783170012906D939462046FFF7E7FA25
:10B490000320BDE8F08194F89C024FF002080228D6
:10B4A0000DD0032825D039462046FFF7D8FA317849
:10B4B0002046FFF7A3FA03252846BDE8F081A1B195
:10B4C00061602046FFF7CBFF0546280006D03946CD
:10B4D0002046FFF7C4FA84F89C82EDE72046FFF788
:10B4E000F1FA032084F89C02E6E72046FFF7EAFA27
:10B4F000E2E7C9B16068884224D0C1B22046FFF7B4
:10B500007DFA317861602046FFF7A9FF05462800E3
:10B5100014D039462046FFF7A2FA21792046FFF7DA
:10B520006DFA84F89C82C7E784F89C8261602046AB
:10B53000FFF764FA2046FFF7C5FABDE72046FFF79C
:10B54000C1FAB9E72046FFF7BDFAB5E7F0030020DE
:10B550004A88012A03D0022A06D0FFF780BA0121C7
:10B56000C0F8A412FFF7AEBA8988090A80F8A012C1
:10B57000FFF7A8BAFFF7F0BE10B500240A7812F062
:10B58000600211D0202A05D0402A03D0FFF767FAC5
:10B59000204610BDD0F8D42200EB8202D2F8B822A7
:10B5A000926890470446F3E74A780A2A1CD2DFE8FB
:10B5B00002F012181B151B08051B0F0BFFF722FBCF
:10B5C000E6E7FFF720FFE3E7FFF754FF0446DFE776
:10B5D000FFF7FEFADCE7FFF720FCD9E7FFF7B8FF3B
:10B5E000D6E7FFF715FAD3E7FFF739FAD0E72DE9E9
:10B5F000F04105460E4600273479307810F060009F
:10B600001ED0202808D0402806D031462846FFF713
:10B6100026FA3846BDE8F08121462846FFF70BFAA6
:10B62000FF28F6D00028F4D1C5F8D402D5F8B80226
:10B630008268002AEDD03146284690470746E8E761
:10B640007078002872D0012831D0032804D0314608
:10B650002846FFF704FADCE795F89C02022806D09A
:10B66000032815D031462846FFF7F9F9D1E754B140
:10B67000802C08D021462846FFF765FE8021284609
:10B68000FFF761FEC5E731462846FFF7E8F9C0E756
:10B69000708840B93CB1802C05D0F08818B921469B
:10B6A0002846FFF750FE2846FFF70CFAB1E795F859
:10B6B0009C02022806D0032815D031462846FFF701
:10B6C000CEF9A6E754B1802C08D021462846FFF7D2
:10B6D0003AFE80212846FFF736FE9AE73146284693
:10B6E000FFF7BDF995E77088002892D114F07F0F1D
:10B6F00003D021462846FFF725FC2846FFF7E2F94C
:10B7000021462846FFF797F9FF2882D0002880D1EC
:10B71000C5F8D402D5F8B8028268002A3FF479AFA0
:10B72000314628469047074673E7FFE795F89C02A5
:10B730004FF00008022806D0032827D031462846BB
:10B74000FFF78DF965E734B1802C04D031462846E7
:10B75000FFF785F95DE714F0800F08D004F07F0053
:10B7600000EB800005EB800000F1140107E004F01D
:10B770007F0000EB800005EB800000F5AA71C1F8A6
:10B78000008002222846FFF790F942E714F0800F6C
:10B790000CD004F00F0000EB800005EB8000808CE3
:10B7A00068B931462846FFF75AF932E704F00F002E
:10B7B00000EB800005EB8000B0F8640158B114F094
:10B7C000800F0DD004F07F0000EB800005EB8000BF
:10B7D00000F114060CE031462846FFF740F918E75F
:10B7E00004F07F0000EB800005EB800000F5AA76F6
:10B7F0004CB1802C07D021462846FFF7D1FC28B158
:10B800000120306004E0C6F8008001E0C6F8008046
:10B81000022231462846FFF748F9FAE670B5054698
:10B820000E460024307810F0600009D0202807D0A0
:10B83000402805D031462846FFF711F9204670BD53
:10B8400095F89C02012808D0022806D0032804D0CD
:10B8500031462846FFF703F9F0E7B088C1B2012965
:10B860001ED8C1B22846FFF7E8F8FF2800D048B13B
:10B870000324F0880028E1D1002CDFD12846FFF70F
:10B8800021F9DBE7D5F8B8128A683AB1C5F8D402D5
:10B890008A683146284690470446EAE70324E8E7E9
:10B8A00031462846FFF7DBF8C8E770470048704785
:10B8B0008C41002070B50A784E78012302F00F0405
:10B8C0001C4DA340012E19D0D0F81C4844EA034374
:10B8D000C0F81C3800EB4210D0F8002B12040BD437
:10B8E000D0F8002B0B890979C3F30A031A4345EA00
:10B8F00081410A43C0F8002B002070BDD0F81C48DD
:10B900009BB21C43C0F81C4800EB4210D0F8003931
:10B910001B04F1D4D0F800390C890979C4F30A0466
:10B920008904234341EA82510B432B43C0F8003979
:10B93000E2E7000000800010D0F800196FF30A0160
:10B94000C0F80019D0F8041841F48071C0F8041848
:10B95000002070470FB410B504469DF8110001286F
:10B960001CD0E06840F04000E060204600F036F86F
:10B970009DF8151051B3A16B21F48031A1639DF89E
:10B980000E10012907D1A16841F00601A160A1684C
:10B9900041F02001A16010BC5DF814FBA06B20F405
:10B9A0008030A063E0680C490840E060E06820F463
:10B9B0004010E0609DF81800012803D1E06840F4D1
:10B9C0008010E060204600F009F8D8E7A16B41F450
:10B9D0008031A163D3E70000BFFFBDFF08B500239E
:10B9E00000934FF070620099491C009100999142B8
:10B9F00001D9032008BD01690029F4DA0093016927
:10BA000041F0010101610099491C009100999142A6
:10BA100001D9032008BD0169C907F4D1002008BD80
:10BA200070B54B780A78012500EB4212012B2BD020
:10BA3000D2F8003B002B0BDAD2F8003B43F0006356
:10BA4000C2F8003BD2F8003B43F08043C2F8003B11
:10BA500000F61C00046A0B7803F00F0605FA06F3E3
:10BA600024EA034404620468097801F00F0105FA2E
:10BA700001F324EA03410160D2F8000B18490840A1
:10BA8000C2F8000B002070BDD2F80039002B0BDA91
:10BA9000D2F8003943F00063C2F80039D2F8003917
:10BAA00043F08043C2F8003900F61C00046A0B78AA
:10BAB00003F00F0605FA06F39EB2B443046204686D
:10BAC000097801F00F0105FA01F399B28C43046083
:10BAD000D2F8000903490840C2F80009D2E7000083
:10BAE0000078F3EF007833ECD0F8001E21F003016A
:10BAF000C0F8001ED0F8041821F00201C0F80418A4
:10BB000000207047D0F8001E21F00301C0F8001E8D
:10BB1000D0F8041841F00201C0F804180020704762
:10BB20000FB42DE9F043044600250020002704EB64
:10BB30008001C1F80471401C0F28F8D39DF82A60D9
:10BB400066B3A06B20F40011A163A06B40F4002148
:10BB5000A163C4F8007E9DF82500012831D003219F
:10BB6000204600F081FB1021204600F0BDFA00B114
:10BB70000125204600F098FA00B10125C4F810789C
:10BB8000C4F81478C4F81C7800204FF000634FF01C
:10BB9000904C4FF67F389DF8202034E0D4F804080C
:10BBA00040F00201C4F80418A06B40F40011A16336
:10BBB000A06B20F40021A163A06B20F48021A1637D
:10BBC000C7E79DF8230020B10121204600F04CFB7F
:10BBD000C9E70021204600F047FBC4E704EB401111
:10BBE000D1F80099B9F1000F06DA10B1C1F800C917
:10BBF00004E0C4F8003901E0C1F80079C1F8107917
:10BC0000C1F80889401C8242E8D8002014E004EB07
:10BC10004011D1F8009BB9F1000F06DA10B1C1F85C
:10BC200000CB04E0C4F8003B01E0C1F8007BC1F8A0
:10BC3000107BC1F8088B401C8242E8D8D4F8100869
:10BC400020F48071C4F81018A7616FF08040606123
:10BC50009DF8220018B9A06940F01000A061A06909
:10BC60000A490843A0619DF8260018B1A06940F078
:10BC70000800A061012E03D1A06905490843A06115
:10BC80002846BDE8F0035DF814FB000000383C8056
:10BC900004000040816821F00101816000207047AC
:10BCA00010B5036C124CA34205D9D0F8003B002B11
:10BCB00001DA002010BD00F5316000230360036845
:10BCC00043F400230360036843F018030360036830
:10BCD00043F0C0430360A0F53160012906D100F5AF
:10BCE00030604261016841F080210160002010BD98
:10BCF0000A30544F4A780B78012A00EB43100BD0DE
:10BD0000D0F8002B22F40012C0F8002B0979032987
:10BD100014D0022912D017E0D0F8002922F4001222
:10BD2000C0F800290979032901D002290CD1D0F8E3
:10BD3000001941F08051C0F8001905E0D0F8001B4F
:10BD400041F08051C0F8001B002070470A784B7802
:10BD50000978012B00EB411012D0D0F8001B00290C
:10BD600006DB2AB1D0F8001B21F08041C0F8001B8F
:10BD7000D0F8001B41F40011C0F8001B00207047F0
:10BD8000D0F80019002906DB2AB1D0F8001921F0FB
:10BD90008041C0F80019D0F8001941F40011C0F832
:10BDA0000019EBE7F8B50C784F780B78914D6FF0F0
:10BDB000604600EB4313012F29D0D3F8107B6FF3BB
:10BDC0001207C3F8107BD3F8107B2F40C3F8107B09
:10BDD000002C7DD00D69002D7BD08C6825446D1E14
:10BDE000B5FBF4F5ADB26C430C62D3F8104B06EA28
:10BDF000C5452C43C3F8104BD3F8104B0D6AC5F35F
:10BE000012052C43C3F8104B012A6FD0D6E00F69FE
:10BE1000EFB1D3F810796FF31207C3F81079D3F8A4
:10BE200010792F40C3F81079FCB10F698D682F4449
:10BE30007F1EB7FBF5F5ADB2D3F8107906EAC5461B
:10BE40003743C3F810790E79012E1AD028E003F594
:10BE500011631E682E401E601D6845F400251D609C
:10BE60001D686FF312051D6022E00E698D68AE42F9
:10BE700000D90D61D0F8105945F40026C0F81069BA
:10BE80000EE0D3F8106926F0C046C3F81069D3F865
:10BE900010694FF0C04707EA45752E43C3F8106993
:10BEA000D3F810590E69C6F312063543C3F810597A
:10BEB000012A1CD000EB4413D3F8004944F0044499
:10BEC000C3F800490C79012C38D00A69002A01E036
:10BED0004DE060E009D0D0F83428097801F00F0374
:10BEE000012199400A43C0F8342881E062E0CA6920
:10BEF0001AB100EB4413C3F814290979012914D1AC
:10BF0000D0F80818C90508D400EB4411D1F800296D
:10BF100042F00052C1F8002907E000EB4411D1F8CB
:10BF2000002942F08052C1F8002900EB4410D0F8FB
:10BF3000001941F00441C0F8001959E0D0F8084850
:10BF4000E40506D4D3F8004944F00054C3F800498E
:10BF500005E0D3F8004944F08054C3F8004900924A
:10BF60000A8A93B20A78C96800F000FA40E00C69C6
:10BF70000CB18C680C618C680C62D0F8105BC4F357
:10BF800012042543C0F8105BD0F8104B44F4002491
:10BF9000C0F8104B38E7D3F8104B8D68C5F3120585
:10BFA0002C43C3F8104BD3F8104B44F40024C3F8CF
:10BFB000104B29E7CA680AB1C3F8142B0979012983
:10BFC00010D1D0F80808C00506D4D3F8000B40F013
:10BFD0000050C3F8000B05E0D3F8000B40F0805090
:10BFE000C3F8000BD3F8000B40F00440C3F8000B7B
:10BFF0000020F8BDFFFF07E038B5002200920B7863
:10C000004D7800EB431442F21073012D1AD0D4F88E
:10C01000005B002D40DAD4F8005B45F00065C4F801
:10C02000005B0C7800EB4414D4F8005B45F08045CD
:10C03000C4F8005B009C641C0094009C9C4224D9C2
:10C04000012229E0D4F80059002D25DAD4F800594E
:10C0500045F00065C4F800590C7800EB4414D4F89E
:10C06000005945F08045C4F80059009C641C0094B8
:10C07000009C9C4201D901220EE00C7800EB441494
:10C08000D4F80049002CF0DB06E00C7800EB4414F7
:10C09000D4F8004B002CCDDB104638BD816841F050
:10C0A000010181600020704708B5002300934FF024
:10C0B00070620099491C00910099914201D90320B6
:10C0C00008BD01690029F4DA00931021016100998B
:10C0D000491C00910099914201D9032008BD0169D2
:10C0E000C906F4D4002008BD18B5002400944FF010
:10C0F0007063009A521C0092009A9A4201D9032060
:10C1000018BD0269002AF4DA0094202242EA811163
:10C1100001610099491C00910099994201D90320BD
:10C1200018BD01698906F4D4002018BDD0F80808AC
:10C1300000F00600002805D0022805D0062803D00C
:10C140000F2070470020704702207047406900F0C0
:10C1500001007047D0F81818D0F81C08084080B2C9
:10C160007047D0F81818D0F81C080840000C704729
:10C1700010B5D0F81038D0F8342801F00F04E240A0
:10C1800002F0010243EAC21200EB4110D0F80809A4
:10C19000104010BD00EB4111D1F8081BD0F8140875
:10C1A00008407047416980690840704730B50346D0
:10C1B0000846940802F00301002203F5805303E0CF
:10C1C0001D6840F8045B521CA242F9D300290BD031
:10C1D00000221C68D50024FA05F300F8013B521C2C
:10C1E000491E89B20029F5D130BD70B5054600243D
:10C1F000E86820F0C040E860012902D089B1012040
:10C2000070BDE86840F00050E8600A20F6F700FFD3
:10C210000A342846FFF79AFF012810D0C82CF4D31F
:10C220000DE0E86840F08040E8600A20F6F7F0FE94
:10C230000A342846FFF78AFF08B1C82CF5D3C82C6A
:10C2400001D0002070BD012070BD00F500600268C3
:10C2500022F4FE62026002684FF4FE6303EA0111F9
:10C260000A43026000207047D0F800280A43C0F853
:10C270000028002070470000022A0ED082B3092156
:10C28000C26822F47052C260C2684FF4705303EA6D
:10C2900081210A43C26000207047224A224B0A448F
:10C2A0009A4201D20F21EBE7204A214B0A449A42DD
:10C2B00001D20E21E4E71F4A1F4B0A449A4201D2E1
:10C2C0000D21DDE71D4A1E4B0A449A4201D20C2182
:10C2D000D6E71C4A1C4B0A449A4202D20B21CFE7F4
:10C2E0001DE01A4A1A4B0A449A4201D20A21C7E7B2
:10C2F000184A194B0A449A4201D20921C0E7174A49
:10C30000174B0A449A4201D20821B9E7154A114451
:10C31000154A914201D20721B2E70621B0E709216F
:10C32000AEE70000405327FF00350C00401E1BFF06
:10C3300040420F0000DC0BFF804F1200808CF9FEA2
:10C3400020D6130060B6E5FE60E3160000D3CEFEF3
:10C3500040771B00C05BB3FEC091210000CA91FE74
:10C3600020753800E05459FEE09C410010B5029C55
:10C37000002C0DD1DB1C9C08002300EB023000F5E3
:10C38000805003E051F8042B02605B1CA342F9D3F8
:10C39000002010BDFEE700002DE9F0412DED028BDD
:10C3A0005E4E306800EE100ADFED5D8A5D4CB5EE42
:10C3B000C00A0127D4ED030A5B4DF1EE10FA07D154
:10C3C000716800EE101AB5EEC00AF1EE10FA20D036
:10C3D00000EE100A00F0E8FC85ED030A5148F0EE8B
:10C3E000680AB030FAF7DCFE94ED000AD4ED020AD8
:10C3F000D4F8CD00B0EE041A70EE600A00EE100A18
:10C4000010EE810A84ED010A306820616F702F7090
:10C410006CE0464B4FF00008D97A9FED458A03291E
:10C4200002D001293AD061E02A786A70B3F900108D
:10C4300001F10A00152802D385F8008000E02F7072
:10C44000287810B1012811D013E000EE101ADFEDAA
:10C45000391AB8EEC00A80EE211AB9EE040A21EEAC
:10C46000000A20EE080A84ED010A02E00AB9C4EDD0
:10C47000040A01283AD194ED040A00F095FC85EDF8
:10C48000030A2848F0EE680A6B30FAF789FE94ED4B
:10C49000220AB1EE400A84ED010A27E000EE100AFC
:10C4A000B5EEC00AF1EE10FA0AD195ED020AB5EE2A
:10C4B000C00AF1EE10FA03D003F0E2FC6861AF703D
:10C4C000A87848B103F0DCFC6969401AB0F5FA6F4E
:10C4D00002D8C4ED018A09E085F80280D6F816007A
:10C4E00000EE100A20EE080A84ED010A0D48D4ED92
:10C4F000010A94ED000A2630FAF752FED4F8430000
:10C5000000EE100ABDEEC00A10EE100AA0843068DA
:10C51000A860BDEC028BBDE8F081000080300020F7
:10C520000000000098110020F0010020DB30002006
:10C53000E12E6542000025444100080218BF042096
:10C540000A0E18BF40F001004FF07F4232EA0101AD
:10C5500008BF40F00200012808BF05207047090706
:10C56000090E002804DB00F1E02080F80014704779
:10C5700000F00F0000F1E02080F8141D704700006B
:10C5800010B54FF00E402DED028BB0EE408A18EE44
:10C59000104A00EB4400B0F1506F4AD84FF0FC4015
:10C5A000B0EB440F22D2B0EEC80AF7EE000A30EE2C
:10C5B000C00AF6EE000A60EE208A18EE900A02F039
:10C5C00037FD01EE100A14F0004F1DBFDFED2D0AFC
:10C5D0009FED2D0AB1EE411ADFED2C0A08BF9FED49
:10C5E0002C0AF8EE001A21EE218A05E0DFED290A77
:10C5F00068EE088AB0EE600A9FED271ADFED271A71
:10C6000030EE080A48EE811A9FED251A08EEA11AAD
:10C61000DFED241A48EE811A9FED231A08EEA11AC5
:10C6200068EE281ABDEC028B01EE810A30EE200A7A
:10C6300010BD4FF0E440B0EB440F0CD918EE100AD7
:10C64000FFF77AFF042808BF00F0F8F9B0EE480AB7
:10C65000BDEC028B10BD4FF07F40B0EB440F07D212
:10C66000B0EE480ABDEC028BBDE8104000F0D8B92E
:10C670000120F3F7DFFFBDEC028BBDE8104000F0B6
:10C68000D5B900000000C9BF22AAFDB90000C93F0A
:10C6900022AAFD390000000024FE1C3DC78AD83CB8
:10C6A0001E67383D1B93993DAFAA2A3E70B54FF0E7
:10C6B00068422DED048BF0EE408A18EE900AB0EE41
:10C6C000608A18EE101A02EB4003B3F1654F3CBFCD
:10C6D00002EB4102B2F1654F7DD200BFC0F3C753F8
:10C6E000C1F3C7529A1A1B2A09DD10F0004F14BF7C
:10C6F0009FED830A9FED830ABDEC048B70BD12F1A0
:10C700001A0F36DA11F0004F09D010F0004F0CBFAD
:10C710009FED7D0A9FED7D0ABDEC048B70BD88EE18
:10C72000889A19EE100AFFF707FF042808BF00F0E7
:10C7300085F918EE900AFFF7FFFE054618EE100A7D
:10C74000FFF7FAFE044619EE100AFFF7F5FE042D76
:10C7500018BF052D08D1042C18BF052C04D10028C2
:10C7600004BF0220F3F766FFB0EE490ABDEC048B6C
:10C7700070BD4200B2EB410F3AD910F0004F19BF23
:10C78000DFED630A9FED630ADFED630A9FED630A45
:10C79000B0EE481A0A46B1EE688A80F00041F0EE29
:10C7A000418A10460A1A5200B2F1807F34D24840C2
:10C7B00010F0004FDFED5A1A9FED5A2A1DBFBEEE52
:10C7C000001A70EEE10A30EE420AB6EE001A08BF17
:10C7D00070EEA10A00E040E008BF30EE020AB0EEC1
:10C7E000682A01EE482A08EE818AC2EE081A15E08E
:10C7F00011F0004F04BF9FED4C0AF0EE400AD1D07B
:10C8000010F0004F19BFDFED490A9FED490ADFED37
:10C81000490A9FED490AC5E7C8EE881A21EEA11A18
:10C820009FED462ADFED462A41EE022A9FED452A7A
:10C8300001EE222ADFED442A41EE022A9FED432A2F
:10C84000BDEC048B01EE222A21EE811A01EE020AD0
:10C8500030EE210A30EE200A70BD4FF07F42B2EB7D
:10C86000400F28BFB2EB410F09D2F0EE480AB0EEFC
:10C87000680ABDEC048BBDE8704000F0D4B840EA13
:10C8800001035B0008BF41F0FF410BD0B2EB400F4A
:10C8900008BFB2EB410F08D120F0804008EE900AAB
:10C8A00021F0804108EE101A18E7B2EB400F12BFDA
:10C8B0005FEA410340F0FF4001F000413FF40EAF5A
:10C8C000B2EB410F12BF5FEA400200F0004041F0BE
:10C8D000FF413FF403AF4A0092EA40033FF5FEAE4A
:10C8E000002AACBF9FED1A0A9FED1A0A68EE808AF3
:10C8F00028EE008A18EE900A18EE101AEEE60000F4
:10C90000DB0FC9BFDB0FC93FDB0F4940DB0F49C05D
:10C910000000C9BF22AAFDB90000C93F22AAFD3903
:10C920000060ED3EC30ACE3700000000000049C0A1
:10C9300022AA7DBA0000494022AA7D3A2DAD65BDEC
:10C940008FB8D53D0FB511BE61C84C3EA8AAAABE8E
:10C950000000804F0000802F2DED020B019820F089
:10C96000004001909DED000B02B0704700B52DED29
:10C97000048BB0EE409AF0EE609A83B051EC190B44
:10C9800003F0C4FF41EC180B18EE100A18EE901AD1
:10C990008DED008B002818BF0120084320F00040D7
:10C9A000C0F17F6000F1E040C00F14D019EE101A02
:10C9B00019EE900A8DED009B002918BF0121084354
:10C9C00020F00040C0F17F6000F1E040C00F04BFE4
:10C9D0000120F3F72FFEB0EE480A03B0F0EE680A2C
:10C9E000BDEC048B00BD10B52DED028BB1EEC08AFD
:10C9F00018EE100A20F00040C0F1FF40C00F0AD02E
:10CA000010EE100A20F00040C0F1FF40C00F04BF3C
:10CA10000120F3F70FFEB0EE480ABDEC028B10BD0B
:10CA200030EE000A704730EE200A7047DFED020A50
:10CA300080EEA00A70470000000000009FED020A8F
:10CA400020EE000A704700000000001070B52DEDC8
:10CA5000028B8AB005460C4616460DB104B11EB9CC
:10CA60000AB0BDEC028B70BD94ED000AB5EEC00AB1
:10CA7000F1EE10FA0DD194ED010AB5EEC00AF1EE17
:10CA800010FA06D194ED020AB5EEC00AF1EE10FAE2
:10CA90007DD09FED600AB0EE408A0020079008909C
:10CAA00009900490059006905B4A07CA01AB07C342
:10CAB00095ED010AD5ED030A20EE200AD5ED000A16
:10CAC00095ED021A00EEC10AF0EE000A20EE200AEF
:10CAD0008DED070A95ED000AD5ED010A20EE200A3A
:10CAE000D5ED020A95ED031A00EE810AF0EE000A78
:10CAF00020EE200A8DED080A95ED000A20EE000ACE
:10CB0000D5ED030A95ED031A00EE810AF7EE000A4F
:10CB1000B0EE001A51EE000ACDED090A01AB224633
:10CB20003146284600F07AF8D4ED000A60EEA00AFB
:10CB300094ED011AD4ED011A41EE210A94ED021A86
:10CB4000D4ED021A41EE210AB0EE600AF3F72AFF93
:10CB5000B0EE408A94ED000A20EE080A84ED000A47
:10CB600094ED010A20EE080A84ED010A94ED020A10
:10CB700020EE080A84ED020A94ED010ADDED090AAF
:10CB800020EE200AD4ED020A9DED081A00E03EE0F6
:10CB900000EEC10A8DED040A94ED020ADDED070AEC
:10CBA00020EE200AD4ED000A9DED091A00EEC10A1C
:10CBB0008DED050A94ED000ADDED080A20EE200A4D
:10CBC000D4ED010A9DED071A00EEC10A8DED060AAB
:10CBD00096ED000ADDED010A9DED041A00EE810AD2
:10CBE00086ED000A96ED010ADDED020A9DED051ABB
:10CBF00000EE810A86ED010A96ED020ADDED030AD8
:10CC00009DED061A00EE810A86ED020A00BF00BF04
:10CC100026E7000000000000481B01082DE9F04154
:10CC20002DED048B07460D4614461E469FED580A0F
:10CC3000B0EE409A9FED560AB0EE408A9FED540A3E
:10CC4000F0EE408AD4ED000A60EEA00A94ED011ADD
:10CC5000D4ED011A41EE210A94ED021AD4ED021A24
:10CC600041EE210AB0EE600AF3F79CFEF7EE000AEF
:10CC700080EE801AB0EE419AD5ED000AB0EE600A5F
:10CC8000F3F722FDF0EE409AD5ED010AB0EE600A0E
:10CC9000F3F71AFD79EE809AD5ED020AB0EE600A3C
:10CCA000F3F712FD39EE800AF0EE408A3948D0EDF4
:10CCB000000A79EE600AB0EE600AF3F705FDB0EE07
:10CCC000408A9FED350AB4EEC08AF1EE10FA06DC18
:10CCD0009FED320AF4EEC08AF1EE10FA53DD9FEDBB
:10CCE0002C2AB0EE420A9FED2A2AF0EE421AB7EE45
:10CCF000002AF0EE420A9FED262AB0EE421AB5EE67
:10CD0000C08AF1EE10FA05DD9FED232AC2EE082A53
:10CD1000B0EE620A9FED222AB4EEC20AF1EE10FADA
:10CD200003D29FED1B2AB0EE420AF5EEC08AF1EE67
:10CD300010FA05DD9FED192AC2EE282AF0EE621ADC
:10CD4000B7EE002AB4EEC20AF1EE10FA03D220EEDA
:10CD5000802AF0EE420AB7EE002AF4EEC21AF1EE93
:10CD600010FA03D220EEA12AF0EE420A9FED0D2A1E
:10CD700020EE822AB0EE421A86ED001A86ED011AE4
:10CD800086ED021A00BFBDEC048BBDE8F081000007
:10CD9000000000008C040020CDCCCC3D8FC2F53DBE
:10CDA0009A99993ECDCC4C3E30EE600A0849DFEDB1
:10CDB000090A10EE100A884202DD30EE600A704760
:10CDC00010EE100A04498842F9D930EE200A704763
:10CDD000000034430000B443000034C310B52DED0F
:10CDE000048B86B00446B0EE408AF0EE608AB0EE66
:10CDF000419A0020039004900590009001900290C9
:10CE0000B0EE000AC8EE000AF0EE609AB0EE690AD1
:10CE1000F3F758FC8DED030AB0EE000AC8EE800A65
:10CE2000F0EE609AB0EE690AF3F74CFC8DED040A5F
:10CE3000B0EE000AC9EE000AF0EE609AB0EE690AA0
:10CE4000F3F740FC8DED050AB0EE000AC8EE000ACB
:10CE5000F0EE609AB0EE690AF3F7AEFD8DED000AD0
:10CE6000B0EE000AC8EE800AF0EE609AB0EE690AF1
:10CE7000F3F7A2FD8DED010AB0EE000AC9EE000A3B
:10CE8000F0EE609AB0EE690AF3F796FD8DED020AB6
:10CE90009DED050ADDED040A20EE200ADDED030A12
:10CEA00020EE200ADDED020A9DED011A60EE810AF6
:10CEB0009DED001A00EE810A84ED000A9DED020A44
:10CEC000DDED040A20EE200ADDED030A20EE200A43
:10CED000DDED050A9DED011A60EE810A9DED001A57
:10CEE00000EEC10A84ED010A9DED050ADDED010A9F
:10CEF00020EE200ADDED030A20EE200ADDED020A15
:10CF00009DED041A60EE810A9DED001A00EE810A83
:10CF100084ED020A9DED050ADDED040A20EE200AEB
:10CF2000DDED000A20EE200ADDED020A9DED011A7A
:10CF300060EE810A9DED031A00EEC10A84ED030A3A
:10CF400006B0BDEC048B10BD9FED1E1AF5EE000A75
:10CF500040EE010ABDEEE00A10EE100AF5EEC00A3E
:10CF6000F1EE10FA00D2401E00EE100AB8EEC00A30
:10CF700030EEC00ADFED140A20EE200ABCEEC01A23
:10CF800011EE100A80B2B0F5007F02D3002030EE1F
:10CF9000600A00EE900AF8EE600A70EE600A0B4933
:10CFA00001EB800292ED000A401C01EB800090ED45
:10CFB000001AF7EE001A71EEE01A21EE800A00EE78
:10CFC000810A704783F9223E00000044441301089F
:10CFD000DFED1D0A20EE200AFDEEC00A10EE900AD9
:10CFE000B5EEC00AF1EE10FA00D2401E00EE900A33
:10CFF000F8EEE00A30EE600ADFED140A20EE200AB7
:10D00000BCEEC01A11EE100A80B2B0F5007F02D358
:10D01000002030EE600A00EE900AF8EE600A70EE32
:10D02000600A0B4901EB800292ED000A401C01EB03
:10D03000800090ED001AF7EE001A71EEE01A21EE72
:10D04000800A00EE810A704783F9223E0000004406
:10D0500044130108F8B5002000900024F3F7ACFD5C
:10D060008020F3F721FF5520F3F71EFF5520F3F73B
:10D070001BFF0090F3F798FD9620F3F7FEFDF3F702
:10D080009BFD8020F3F710FF5520F3F70DFF55208F
:10D09000F3F70AFF0090F3F787FD9620F3F7EDFD15
:10D0A000F3F78AFDB6217E20F3F726FFF3F77CFD28
:10D0B0005020F3F7E0FDF3F77FFD8020F3F7F4FE57
:10D0C0005520F3F7F1FE5520F3F7EEFE0090F3F74D
:10D0D0006BFD9620F3F7D1FDF3F76EFD8020F3F79B
:10D0E000E3FE5520F3F7E0FE5520F3F7DDFE009058
:10D0F000F3F75AFD9620F3F7C0FD9DF800001E28B7
:10D1000001D0FF20F8BD194FF3F756FD04EB44059D
:10D11000EE19785D7178F3F7EFFEF3F745FD962091
:10D12000F3F7ABFDF3F748FD785D40F08000F3F7CF
:10D13000BBFE5520F3F7B8FE5520F3F7B5FE00907F
:10D14000F3F732FD9620F3F798FD70789DF8001004
:10D15000884204D004EB440038448078F8BD641C55
:10D16000E4B2062CD0D30020F8BD0000B0020020AD
:10D17000F0B587B000200290039001900024F3F7EF
:10D180001BFD8020F3F790FE5520F3F78DFE552010
:10D19000F3F78AFE0190F3F707FD9620F3F76DFD94
:10D1A000F3F70AFD8020F3F77FFE5520F3F77CFEAE
:10D1B0005520F3F779FE0190F3F7F6FC9620F3F78C
:10D1C0005CFDF3F7F9FCB6217E20F3F795FEF3F74B
:10D1D000EBFC5020F3F74FFDF3F7EEFC8020F3F764
:10D1E00063FE5520F3F760FE5520F3F75DFE0190D6
:10D1F000F3F7DAFC9620F3F740FDF3F7DDFC80202F
:10D20000F3F752FE5520F3F74FFE5520F3F74CFE8F
:10D210000190F3F7C9FC9620F3F72FFD9DF8040069
:10D220001E2802D0FF2007B0F0BD7C4FF3F7C4FCEE
:10D2300004EB4405EE19785D7178F3F75DFEF3F7C2
:10D24000B3FC9620F3F719FDF3F7B6FC785D40F0D8
:10D250008000F3F729FE5520F3F726FE5520F3F75B
:10D2600023FE0190F3F7A0FC9620F3F706FD7078FB
:10D270009DF80410884204D004EB440038448078C0
:10D28000D1E75020F3F7F7FC641CE4B2042CCDD3B3
:10D290000024F3F791FC201D00EB4005EE19785DAA
:10D2A0007178F3F729FEF3F77FFC9620F3F7E5FC9E
:10D2B000F3F782FC785D40F08000F3F7F5FD552030
:10D2C000F3F7F2FD5520F3F7EFFD0190F3F76CFC57
:10D2D0009620F3F7D2FC70789DF80410884205D0B0
:10D2E000241D04EB4400384480789CE75020F3F779
:10D2F000C2FCF3F761FC9220F3F7D6FD062202A9E7
:10D300001220F3F7B3FDF3F74FFC9DF8090004AAD0
:10D3100001029DF80800014304EB440022F81010BC
:10D320009DF80B109DF80A3002EB400043EA012102
:10D3300041809DF80D109DF80C2042EA012181806A
:10D34000641CE4B2022CA4D3F3F736FC00216D2058
:10D35000F3F7D2FDF3F728FC9620F3F78EFCF3F7F2
:10D360002BFCED20F3F7A0FD5520F3F79DFD552094
:10D37000F3F79AFD0190F3F717FC9620F3F77DFC85
:10D380009DF8040008B104204DE7F3F715FCB62121
:10D390007E20F3F7B1FDF3F707FC5020F3F76BFCA9
:10D3A000BDF91000BDF91610411A40F255508142E6
:10D3B0000EDBBDF91210BDF91820891A814207DB76
:10D3C000BDF91400BDF91A10401AB0F52A7F01DA30
:10D3D000802028E7F3F7F0FB8020F3F765FD552068
:10D3E000F3F762FD5520F3F75FFD0190F3F7DCFBE7
:10D3F0009620F3F742FCF3F7DFFB8020F3F754FDB0
:10D400005520F3F751FD5520F3F74EFD0190F3F74A
:10D41000CBFB9620F3F731FC002004E7240F010832
:10D42000F8B5002400200090F3F7D8FB69460020EF
:10D43000F3F72EFDF3F7CAFB9620F3F71EFCF3F784
:10D44000CDFB69460020F3F723FDF3F7BFFB9620E1
:10D45000F3F713FCF3F7C2FBB6211420F3F74CFDEE
:10D46000F3F7B4FB5020F3F706FCF3F7B7FB69467C
:10D470000020F3F70DFDF3F7A9FB9620F3F7FDFB72
:10D48000F3F7ACFB69460020F3F702FDF3F79EFBD0
:10D490009620F3F7F2FB9DF800000F2801D0FF2043
:10D4A000F8BD154FF3F79AFB04EB4405EE19785DD0
:10D4B0007178F3F721FDF3F789FB9620F3F7DDFB95
:10D4C000F3F78CFB785D6946F3F7E2FCF3F77EFB3C
:10D4D0009620F3F7D2FB70789DF80010884204D0B4
:10D4E00004EB440038448078F8BD641CE4B2062C98
:10D4F000D8D30020F8BD0000C202002038B50020BB
:10D5000000900024F3F76AFB69460020F3F7C0FCA3
:10D51000F3F75CFB9620F3F7B0FBF3F75FFB69468C
:10D520000020F3F7B5FCF3F751FB9620F3F7A5FBCA
:10D53000F3F754FBB6211420F3F7DEFCF3F746FBB8
:10D540005020F3F798FBF3F749FB69460020F3F707
:10D550009FFCF3F73BFB9620F3F78FFBF3F73EFBC3
:10D5600069460020F3F794FCF3F730FB9620F3F7BD
:10D5700084FBF3F733FB01213C20F3F7BDFCF3F709
:10D5800025FB5020F3F777FBF3F728FB69463C2097
:10D59000F3F77EFCF3F71AFB9620F3F76EFB641C9F
:10D5A000E4B29DF80000800701D40A2CECD30A2CC9
:10D5B00005D09DF80000400703D5402038BD40202D
:10D5C00038BD002038BD0000024900200968C8634A
:10D5D00070470000D83A002045F208225043054A1F
:10D5E000B2FBF0F0401E80B2034A136898621068E4
:10D5F000C163704700BD0105D83A002070B5002412
:10D600000B4E09E0A98836F81000FFF7E5FF68889F
:10D61000F5F7FEFC641CE4B204EB440006EB4005A5
:10D6200069880029EED1BDE87040FFF7CDBF00004A
:10D630002600002000B58BB0012109910020079041
:10D64000089101900290039004900690059001A922
:10D650000E48F4F7B7FD0D48F5F785FA02210B489F
:10D66000F4F72CFD01210948F4F728FD0E200A905B
:10D67000069001A90648F4F7A5FD0548F5F773FAE9
:10D6800002210348F4F71AFD0BB000BD8C380020CE
:10D69000B438002070B52DED028B2E4C2E4E2F4D40
:10D6A000207E012807D196ED050AF3F725FA85EDCE
:10D6B000040A0020207696ED050ADFED298A9FED09
:10D6C000298ABCEEC00A10EE100A95ED040A81B258
:10D6D000BCEEC00A10EE100A80B2C0F5005008443B
:10D6E000C11700EBD1416FF30C01401A00EE100A94
:10D6F000B8EEC00A20EE280A20EE080AF8F79AFED3
:10D7000084ED030A95ED040ADFED170A30EE600A96
:10D7100020EE280A20EE080AF8F78CFEF0EE400A08
:10D7200094ED030ADFED111A30EE801AC1EE210AE2
:10D730009FED0F1A20EE818A06480830FCF700F8AA
:10D74000B0EE480ABDEC028B211DBDE870400148D7
:10D75000FBF778BF10200020981100202C02002039
:10D76000000000390000B44300108B450000344332
:10D77000D00F49C070B502281AD000250D4E05EB18
:10D78000850006EB001404F10A00D4ED010A94EDC3
:10D79000000AF9F705FDD4F8270000EE100ABDEEE7
:10D7A000C00A10EE100A20816D1CEDB2042DE6D3E4
:10D7B00070BD0000D01E002010B5204C0120207646
:10D7C0001F48D4ED020A9FED1F1A90ED050ABCEE2A
:10D7D000C00A10EE100A80B200F69E6000EE100A39
:10D7E000B8EE400A00EEC10ADFED170ABCEEC00A2F
:10D7F00010EE100AC0F30C0000EE100AB8EE400A5A
:10D8000020EE200ADFED110A20EE200AF8F712FEC2
:10D8100084ED030ADFED0E0A80EE201A9FED0D0A5B
:10D8200021EE001A04F10800FBF7A0FF211D20469D
:10D83000BDE81040B0EE410AFBF704BF1020002005
:10D8400098110020A69B443C000000390000B4431E
:10D8500000003443D00F49C007490120087600205A
:10D86000064A002100EB800302EB03131981401CE0
:10D87000C0B20428F6D3704710200020D01E00202C
:10D8800030B403230021084A09E012F831408442F1
:10D8900004D102EBC100406830BC0047491C9942EA
:10D8A000F3DB30BC704700004002002010B5029C42
:10D8B000002823D0002921D0002A1FD0002B1DD002
:10D8C000022C1BD030EE202ADFED0D1A01EE612A6A
:10D8D00080ED002A30EE602A01EE612A81ED002AF7
:10D8E000B1EE402A32EE602A01EE612A82ED002A72
:10D8F00030EEC00A01EE610A83ED000A10BD00009F
:10D90000448B6C3EF0B52DED048B89B0B0EE608A8F
:10D91000F0EE418AB0EE619AF0EE429A009000205B
:10D9200002900390082004901020B2EE091AFAEE3B
:10D93000090A00F053F904460C209FED261ADFED8A
:10D94000260AB0EE480A00F049F905469FED248A00
:10D950000C209FED221AF0EE480AB0EE680A00F0A3
:10D960003DF906460C209FED1F1AF0EE480AB0EE76
:10D97000490A00F033F907460C20B3EE0E1AFBEE0D
:10D980000E0AB0EE690A00F029F90146200A8DF866
:10D990001C008DF81D4028098DF81E002A0142EA5E
:10D9A00016208DF81F008DF8206038098DF82100B1
:10D9B0003A0142EA11208DF822008DF8231006ABBF
:10D9C00007AA69460848F4F78BFB09B0BDEC048B45
:10D9D000F0BD000000003442000034C20000FA43F1
:10D9E0000000000000004842B43800200648074903
:10D9F0000068B0FBF1F206490A704FF47A72B0FB8E
:10DA0000F2F04860704700007003002040420F00B1
:10DA10000000002070B500214FF0E0256C690A4A33
:10DA200012785043AB69AA699A42FCD003D2A3EBA7
:10DA30000203194403E0A4EB0206334419441346DD
:10DA40008142F0D370BD00000000002010B500EB53
:10DA5000C001144800EB81042068606002F010FAF5
:10DA60002060E17C4A0603D521F04001E174E060CA
:10DA7000A06990B1804758B1E07C40F0200040F0B0
:10DA80008000E074206A002806D0BDE810400047FE
:10DA9000E07C20F08000E07410BDE07C20F080008D
:10DAA000E07410BDC10F002000B589B0012904D079
:10DAB000022905D0032907D009E00120009006E0E3
:10DAC00040F20110009002E040F20120009000209E
:10DAD0000290039008200490FF208DF81C008DF820
:10DAE0001D008DF81E008DF81F008DF820008DF8A8
:10DAF00021008DF82200FC208DF8230006AB07AA38
:10DB000069460248F4F7ECFA09B000BDB4380020C9
:10DB1000EFF3108272B643680169994201D9016836
:10DB20000161016911F8013B01618168491C816053
:10DB3000C168491EC16082F31088184670470160B1
:10DB40008B185B1E436082600022C26001614161EC
:10DB5000002070472DE9F04704468846EFF3108710
:10DB600072B6B8F1000F32D0A5687DB36168606904
:10DB7000884201D920686061954200DD15466069E0
:10DB80000E1A761CAE4207DB2A464146F2F782FCAB
:10DB90006069284460610EE0A5EB06093246414603
:10DBA000F2F778FC08EB06014A462068F2F772FCAF
:10DBB000206848446061A068401BA060E068284479
:10DBC000E060284687F31088BDE8F087FFE787F319
:10DBD00010884FF0FF30F7E7C068704731EE601AE9
:10DBE0000121814070EE600A491E00EE101AB8EE65
:10DBF000C00A20EE800AC0EE010ABDEEE00A10EE77
:10DC0000100A70472DE9F04104460D4616461F469E
:10DC100014B10DB106B10FB9BDE8F081D4ED010A20
:10DC200094ED031A60EE810A94ED001AD4ED021A05
:10DC300041EE610AB8EE001A60EE810AB0EE600AA9
:10DC4000F2F73CFD86ED000A94ED001A21EE011A70
:10DC5000D4ED011A94ED012A01EE821AF7EE001AB2
:10DC6000B0EE002A52EE011AF0EE610A94ED001AAD
:10DC7000D4ED031A21EE211AD4ED011A94ED022AF3
:10DC800001EE821AF0EE001A21EE211AB0EE410ADE
:10DC9000F2F716FD85ED000A94ED001A21EE011A47
:10DCA000D4ED031A94ED032A01EE821AF7EE001A5E
:10DCB000B0EE002A52EE011AF0EE610A94ED001A5D
:10DCC000D4ED011A21EE211AD4ED021A94ED032AA3
:10DCD00001EE821AF0EE001A21EE211AB0EE410A8E
:10DCE000F2F7EEFC87ED000A00BF95E72DE9F04F53
:10DCF000099D0024DFF8C8C0DFF8C8A00CF1240893
:10DD000008F124090AF11C0B04EB44060CEB86070E
:10DD100093ED050AD7ED000A97ED011A20EE200ACF
:10DD2000D3ED060A00EE810AD3ED070A97ED021A39
:10DD300000EB840700EE810A87ED000A08EB8607F6
:10DD400093ED010AD7ED000A97ED011A20EE200AA3
:10DD5000D3ED020A00EE810AD3ED030A97ED021A11
:10DD60000AEB840700EE810AD7ED000A01EB840775
:10DD700030EE200A87ED000A09EB860695ED010AD0
:10DD8000D6ED000A96ED011A20EE200AD5ED020A22
:10DD900000EE810AD5ED030A96ED021A0BEB84061C
:10DDA00000EE810AD6ED000A02EB840630EE200A6E
:10DDB00086ED000A641CE4B2032CA5D3BDE8F08F05
:10DDC00084010020540F002010B53C4B1878C40784
:10DDD0003B48D0E9121223D008680068C0071FD161
:10DDE00010680068C0071BD15878800718D498784D
:10DDF000800715D4187820F001001870187840F0CA
:10DE000002001870002201212E48F5F762FA2B4912
:10DE100008222831BDE81040A1F10800F9F79CBEA6
:10DE20005878C407284821D00C682468E4071DD11D
:10DE300014682468E40719D11C78A40716D49C78C8
:10DE4000A40713D4597821F001015970597841F091
:10DE50000201597000221021F5F73BFA17480922F8
:10DE6000BDE8104019493030F9F776BE9C78E407D8
:10DE700022D009680968C9071ED111680968C90755
:10DE80001AD11978890717D45978890714D4997841
:10DE900021F001019970997841F0020199700022F6
:10DEA0001021F5F716FA054904221C31BDE810408F
:10DEB000A1F11400F9F750BE10BD00004801002088
:10DEC000303900200004024000000240E80E00202B
:10DED0000149096848637047683B002010B51C4938
:10DEE0001C4CC87900281DD02046DFED1B0AF9F72D
:10DEF00057F9D4F81D0000EE100AB5EEC00AF1EE95
:10DF000010FA02D20020C4F81D00D4F81D0000EE63
:10DF1000100ABCEEC00A10EE100A80B2BDE8104034
:10DF2000FFF7D6BF10EE100A0C4A90420ADD88793E
:10DF3000401CC0B28871C82804D90120C8710848A3
:10DF4000C4F82500BDE8104041F28730FFF7C0BF9C
:10DF5000480100207C0F00200000344200003442C1
:10DF600000401C45704700001FB5012303AC64212D
:10DF7000CDE90043024602911C210348F5F782FADD
:10DF80009DF80C0004B010BDDC38002013B584B03F
:10DF9000012305AC6421CDE90043024602911C2116
:10DFA0000248F5F7BDFB06B010BD0000DC380020CC
:10DFB000012240210148F5F78CB900000018024009
:10DFC000002240210148F5F784B900000018024002
:10DFD000704700F00BB900002DE9F0410024FFF775
:10DFE000C1FFFFF7F5FFFFF7EBFF3220FFF7F1FF6F
:10DFF000FFF7DEFF3220FFF7ECFF0020FFF7B4FF52
:10E00000102802D04020BDE8F0810120FFF7E1FF99
:10E010000F4F04EB4405EE19785D7178FFF7B6FFFA
:10E020000120FFF7D6FF785DFFF79EFF0546012030
:10E03000FFF7CFFF7078A84204D004EB44003844C7
:10E040008078E0E7641CE4B2042CE2D30020DAE735
:10E05000360F0108B4EEC10AF1EE10FA02DBB0EEA1
:10E06000410A7047B4EEE00AF1EE10FAF9D8B0EECA
:10E07000600A7047F5F748FCFBF780FDF8F700FBF6
:10E08000F8F750FAF8F706FCF8F724FCF8F746FC26
:10E09000F8F706FEF8F7F0F9F8F710FAF8F7F2FCDF
:10E0A000F8F76EFCF8F71AFEF8F7DEFDF8F782FCD9
:10E0B000F8F726FAF8F77EFDF8F730FDF8F72AFEB4
:10E0C0002248F6F799FF22484FF47A744463846338
:10E0D000C463046400211F48F7F744FA04211D4873
:10E0E000F7F740FA08211B48F7F73CFA0C211948CA
:10E0F000F7F738FA1848046008211848F7F732FA99
:10E1000000211748F7F72EFA08211648F7F72AFAE0
:10E11000FFF790FAF2F7DAFFFFF768FC00F026FF4E
:10E120004FF4806210491148FFF709FDF9F7C6FB6B
:10E130000F494FF40072A1F50070F9F711FCFFF7D9
:10E140005DFAF8F73DFA00F059F8FEE7B03B002021
:10E1500000000140483A00203C040040903A002072
:10E16000683B0020D83A0020301A0020181A0020FE
:10E17000181800200021842800D0C11C08467047D0
:10E18000C82001F06DF94FF400611648F2F701FA6A
:10E19000C82001F065F900270724134E4FF4487892
:10E1A0003225F088401C80B2F080404500D3F780D3
:10E1B000F088B0FBF4F104FB110028B91420F8F743
:10E1C000E7FD012001F04CF9F088B0FBF5F105FB0B
:10E1D00011000028E5D11820F8F7DAFD012001F040
:10E1E0003FF9DEE7802000205802002010B500280B
:10E1F00000D1012001F034F9002010BD10B501F06C
:10E20000FBF9002010BD30B585B004460D466169AC
:10E21000B4F90800002910D0A16971B1FFF7AAFF75
:10E220006269A1690192029100902B4622692168DE
:10E23000606801F0A1FD049010E0FFF79BFF04A9C6
:10E2400001910090208A2B4682B22168606801F01B
:10E250005DFD012802D005B0002030BD049805B056
:10E2600030BD0000002801D10648006808B13430F4
:10E270007047502080F31188BFF34F8FBFF36F8F2B
:10E28000FEE70000740300202DE9F0412DED0A8B1C
:10E2900088B09FED730A734B83ED050A0020DFED14
:10E2A000720A6F46DFED718A9FED71BADFED71BAC8
:10E2B000A3F5A07600EB800106EB0112B2F908107D
:10E2C00000EE101AB8EEC00A20EE281A92ED000AED
:10E2D00061EE001A01EE101AB8EEC11A21EE202AE2
:10E2E00001EE101A07EB8001B8EEC11A42EE011AD6
:10E2F00020EE0B1A41EE001A31EEAB0A81ED000A56
:10E30000B5EEC00AF1EE10FA05D393ED051A31EE21
:10E31000000A83ED050A401CC0B20428CAD393ED5D
:10E32000050AD3ED040AB4EEE00AF1EE10FA7DDD41
:10E3300080EE80CA00240DF11008DFED4FCA9FED7A
:10E340004FAB07EB840090ED000A08EB840020EE51
:10E350000C0A80ED000AB5EEC00AF1EE10FA74D393
:10E3600004EB840006EB0015D5ED000A20EEA88A28
:10E3700020EE8B1A11EE200A30EE2B0AB5F90800B8
:10E38000002830DD68EE080A40EE6C0A10EE900AB4
:10E3900002F072FC41EC100BFEF7E8FAB0EE409A86
:10E3A000B1EE480AF0EE609A10EE100A02F064FC3A
:10E3B00053EC192B01F064FF53EC1A2B02F014F804
:10E3C00001F02CFF00EE100A2E4910EE100A8842D0
:10E3D00003DD4FF47A50288137E0BDEEC00A10EE1D
:10E3E000100A288131E068EE080A40EE6C0A10EE4F
:10E3F000900A02F041FC41EC100BFEF7B7FAB0EEC8
:10E40000409AB1EE480AF0EE609A10EE100A02F05F
:10E4100033FC53EC192B02F045FB53EC1A2B01F0A3
:10E42000E3FF01F0FBFE00EE100A00E012E010EE48
:10E43000100A1549884203D94CF28010288104E063
:10E44000BDEEC00A10EE100A2881641CE4B2042C50
:10E45000FFF477AF08B0BDEC0A8BBDE8F081000097
:10E460000000000010200020FC1104344F0206368A
:10E47000C3031C348D978240FC11043500000080DA
:10E480003F82903E00007A4600007AC62DE9F041B6
:10E4900004460F461B4EF5683168002081F8520093
:10E4A0003068001D00F09FFE48B93068012190F8E7
:10E4B0002C0001FA00F0316921EA00003061B4F16A
:10E4C000FF3F07D137B13068BDE8F041011D0E486C
:10E4D00000F0DBBE2C4430684460AC4206D23068A9
:10E4E000011DB06BBDE8F04100F0B4BE3068011D05
:10E4F000706B00F0AFFEB06A844200D2B462BDE837
:10E50000F081000074030020F45B002070B5044625
:10E5100000F0C8FE1C4DA868401CA860286810B117
:10E52000686938B10CE02C60A868012808D100F0B7
:10E530008FF905E02868E16AC06A884200D82C603B
:10E54000686A401C6862E06A01212A6981401143BF
:10E5500029610E4900EB800001EB8000211D00F0D5
:10E5600094FE00F0BFFE686900280CD02868E16ABC
:10E57000C06A884207D206494FF080500860BFF356
:10E580004F8FBFF36F8F70BD74030020185B0020A6
:10E5900004ED00E038B500F085FE0F4C2068B8B9F6
:10E5A0000E4800F049FE0E4800F046FE0B48E060C1
:10E5B0001430206100200B4B009003F14802102121
:10E5C0000A2001F01BF9206010B107A100F00EFF36
:10E5D000BDE8384000F086BEB0030020F05C0020AB
:10E5E000045D0020085C0020546D725100000000A2
:10E5F00070B50D4C6068002815D00C4E00F052FE2E
:10E60000F068C568281D00F0EEFDA068401EA060FF
:10E610006068401E606000F065FE284600F051F81A
:10E6200060680028EAD170BD74030020E05B002020
:10E630000B46026C002A0CD0C1681144C160D0F8AE
:10E6400008C0614501D30168C160C1681846F1F78F
:10E6500021BF70472DE9F041044616460027A56BFF
:10E66000226C002A10D0C6B1E068F1F713FFE16810
:10E67000206C091AE1602268914202D2A168081A4E
:10E68000E060022E16D017E02068A8B9A06801F05B
:10E6900067FC07460020A0600EE06068F1F7FAFE14
:10E6A000216C606808446060A168884204D32068D7
:10E6B000606001E005B16D1E681CA0633846BDE8CE
:10E6C000F08110B5044694F8511000290BD00129AF
:10E6D00011D0022914D0502080F31188BFF34F8F3E
:10E6E000BFF36F8FFEE7206B00F012FE2046BDE8FF
:10E6F000104000F00DBE2046BDE8104000F008BEFE
:10E7000010BD00000749CA681168002904D0002123
:10E71000016019B1002070470121F9E7D068006855
:10E7200070470000B00300204FF4C041104810F0C3
:10E73000070F06D0C01D20F007000D49411AC1F592
:10E74000C0410C4A1060002353600144083921F095
:10E750000701183A11604B600B600B1A43600160AF
:10E760004068906050604FF000405061704700007A
:10E77000185D0020DC030020074E4FF08054074D49
:10E78000FFF736FF30680128FAD92C60BFF34F8FAE
:10E79000BFF36F8FF4E70000185B002004ED00E08A
:10E7A00003460098002905D00260C363016401217B
:10E7B00001F05CB80060F8E72DE9F05F82460B9F3E
:10E7C0000A9D0C9C0E4690469B464FEA8801A52266
:10E7D000206BF1F7D6FE206BA8F1010100EB810060
:10E7E00020F007094FF0000866B100202218315CC4
:10E7F00082F83410315C11B1401C1028F6D384F833
:10E80000438001E084F83480072D00D30625E562BB
:10E810006564C4F84880201D00F019FD04F118005B
:10E8200000F015FD2461C5F10700A0616462C4F821
:10E830004C8084F8508084F852805A4651464846AD
:10E8400000F0FCFA2060002F00D03C60BDE8F09F93
:10E8500070B500240F4D04EB840005EB800000F040
:10E86000EBFC641C072CF6D30B4800F0E5FC0B48CE
:10E8700000F0E2FC0A4800F0DFFC0A4800F0DCFC93
:10E88000094800F0D9FC0948034941631431816308
:10E8900070BD0000185B0020A45B0020B85B002066
:10E8A000CC5B0020E05B0020F45B002074030020C0
:10E8B00010B4144900E011460A688242FBD34B6849
:10E8C00003EB010C844503D14068184448600846B6
:10E8D0000C68D0F804C00CEB0003A3420CD10A4B27
:10E8E0001B689A4206D05268624442600A68126805
:10E8F000026002E0036000E00260814200D0086034
:10E9000010BC7047DC030020C403002010B50024B5
:10E9100041600061DFF838C091420BD8D11A82699A
:10E92000914201D3012410E0011DDCF8100000F039
:10E9300091FC0AE09A4203D2994201D3012404E0F7
:10E94000011DDCF80C0000F085FC204610BD000025
:10E95000B003002010B5044600F0A4FCA06B20B169
:10E96000002400F0BFFC204610BD0124F9E710B5DB
:10E97000044600F097FCA06BE16B884201D10124B2
:10E9800000E0002400F0AEFC204610BDF8B50546BE
:10E990000E461748C068C068C468201D00F023FCFC
:10E9A00094F8240010F0040F18D0A0692B464119E8
:10E9B00032462046FFF7AAFFA0B1002003460146D9
:10E9C00000902A46204601F0EFFB58B9502080F312
:10E9D0001188BFF34F8FBFF36F8FFEE720F0010068
:10E9E00084F82400216A01B02046BDE8F0400847C1
:10E9F000B003002030B587B0414D002202A928683D
:10EA000001F094F8002875D00298002803DA039AE0
:10EA10000599049890470298002864DB049C60697B
:10EA200010B1201D00F0DFFB01A800F0B3F8024692
:10EA300002980A2857D2DFE800F00505052F364D69
:10EA400005052F3694F8240040F0010084F82400D6
:10EA50000398A169034601442046FFF757FF0028A9
:10EA600041D0216A2046884794F8240010F0040F12
:10EA700039D0002000900398A1690023421819465C
:10EA8000204601F091FB70BB502080F31188BFF34A
:10EA90004F8FBFF36F8FFEE794F8240020F0010042
:10EAA00084F824001FE094F8240040F0010084F86A
:10EAB00024000398A06128B1811813462046FFF76F
:10EAC00025FF10E0502080F31188BFF34F8FBFF374
:10EAD0006F8FFEE794F8240010F0020F0CD020F0A6
:10EAE000010084F82400002202A9286801F01EF821
:10EAF000002889D107B030BD204600F009FCF2E7BC
:10EB0000B0030020F8B505460C4600F0BDFD684690
:10EB100000F040F80646009810B101F0ABFAF8BDDD
:10EB200044B9B54206D801F0A5FA31462846FFF7A8
:10EB30002DFFF8BD0C481CB10169096891B1002492
:10EB4000A91B2246006800F065FC01F093FA00283A
:10EB5000EFD106494FF080500860BFF34F8FBFF3ED
:10EB60006F8FF8BD0124EBE7B003002004ED00E057
:10EB70000749486B0068002805D0486BC068C0682A
:10EB80004068886270474FF0FF308862704700002D
:10EB90007403002070B5044601F072F90546074E73
:10EBA000B068854204D200F043F80120206001E003
:10EBB00000202060B560284670BD0000B003002032
:10EBC0002DE9F00104460025206800282BD060685C
:10EBD0004068606004F10807B84201D14268626091
:10EBE0006068C668606840686060B84201D1426889
:10EBF00062606068C0680023002200EB020C9CF891
:10EC000034C011F80280E04501D0012304E0BCF1DA
:10EC1000000F01D10546012313B9521C102AECD371
:10EC20000DB9B042DED12846BDE8F00170470000C2
:10EC3000F8B51C4EF0680068002826D00027F06860
:10EC4000C0680568C468201D00F0CDFA216A20461E
:10EC5000884794F8240010F0040F12D0A0692844CB
:10EC6000A84206D960602461211DF06800F0F2FA24
:10EC700007E000232A4619462046009701F094FA3F
:10EC800040B1F06800680028D9D1F0683169F160BE
:10EC90003061F8BD502080F31188BFF34F8FBFF370
:10ECA0006F8FFEE7B00300200A484068B0F1FF3FD5
:10ECB00007D0502080F31188BFF34F8FBFF36F8FC1
:10ECC000FEE7502080F31188BFF34F8FBFF36F8FA3
:10ECD000FEE70000E403002082B001A8FFF712FD68
:10ECE0000199FFF70FFFFFF785FEF6E770B50446C1
:10ECF00000F0D8FA94F94550002D0CDD606A50B14F
:10ED000004F1240001F07AF908B100F0D9FB681E83
:10ED100045B2002DF2DC4FF0FF3684F8456000F07C
:10ED2000E1FA00F0BFFA94F94450002D0CDD20699F
:10ED300050B104F1100001F061F908B100F0C0FB1E
:10ED4000681E45B2002DF2DC84F84460BDE87040D6
:10ED500000F0C8BA2DE9F0410546002600F094FC09
:10ED6000344F386808B9FFF7DFFC7869054251D1A4
:10ED70009DB1083515F0070F0FD005F00700C0F161
:10ED80000800054415F0070F07D0502080F31188C4
:10ED9000BFF34F8FBFF36F8FFEE7002D3AD0786837
:10EDA000854237D824490846046801E021460446D4
:10EDB0006068A84202D220680028F7D138688442EF
:10EDC00028D0086800F10806206808606068411BC8
:10EDD00010290FD9601910F0070F07D0502080F3C9
:10EDE0001188BFF34F8FBFF36F8FFEE741606560FF
:10EDF000FFF75EFD61687868401A7860BA689042F3
:10EE000000D2B86078690843606000202060F8682C
:10EE1000401CF86001F02EF916F0070F07D05020C3
:10EE200080F31188BFF34F8FBFF36F8FFEE730463B
:10EE3000BDE8F081C4030020DC030020001F4FF078
:10EE400080730360001F21F001010160001F05496C
:10EE5000016014380260001F6FF002010160203869
:10EE600070470000A9EC000810B52DED028B044698
:10EE70009FED1D0AB0EE408AD4ED000A60EEA00AB4
:10EE800094ED011AD4ED011A41EE210A94ED021A13
:10EE9000D4ED021A41EE210A94ED031AD4ED031ABF
:10EEA00041EE210AB0EE600AF1F77CFDB0EE408A37
:10EEB00094ED000A20EE080A84ED000A94ED010AA0
:10EEC00020EE080A84ED010A94ED020A20EE080AF9
:10EED00084ED020A94ED030A20EE080A84ED030A89
:10EEE000BDEC028B10BD00000000000000B5F0EE8C
:10EEF000401AB0EE602AB0EE410AB7EE001ADFED1C
:10EF0000050AFFF7A7F872EE610A20EE200A31EE3B
:10EF1000800A00BD00000000F8F7D0FC0F494FF454
:10EF20000072A1F50070F8F71BFD0D494FF48062E7
:10EF3000A1F11800FEF703FE6F2000F091FA094CD2
:10EF40000A2000F08DFA0649183901F58360F8F7B8
:10EF50006FFD21780448FAF747FBF1E71818002005
:10EF6000301A002064310020CE31002002492422D2
:10EF7000A1F12400F8F7AEBB15310020F0B5002850
:10EF800055D0002953D00278437842EA0322C2F3D5
:10EF90000A050D8042788378D20842EA4312C2F310
:10EFA0000A034B808278C478920942EA8402047989
:10EFB00042EA8422C2F30A028A800479467964080C
:10EFC00044EAC614C4F30A04CC804679C6F3011699
:10EFD0008E724679B609CE728679C77946EA0726D7
:10EFE0008E81067A477A46EA0726CE81867AC77AE4
:10EFF00046EA07260E82067B8E74467BCE74867B9D
:10F00000C77B46EA07268E82067C407C46EA0020C3
:10F01000A5F580650D80A3F580634B80A2F5806225
:10F020008A80A4F58064CC80A0F580600881F0BD62
:10F0300010B500EE100A2DED028BB1EEC08A18EE6D
:10F04000100A20F00040C0F1FF40C00F0AD010EEBF
:10F05000100A20F00040C0F1FF40C00F04BF0120A3
:10F06000F1F7E8FA18EE100ABDEC028B10BD0000B3
:10F07000044900EBC00001EB8000C07CC0F34010ED
:10F0800070470000C10F002070EEC00A01EE100AA8
:10F0900001208840B8EEC11A401E21EE201A00EE71
:10F0A000900AF8EEE01AC1EE210A30EE800A7047AD
:10F0B00070B506460C4600F0F5F8154D2868C06C92
:10F0C00080B92A68012082F850005CB101212046F5
:10F0D000FFF7DCF90F494FF080500860BFF34F8F06
:10F0E000BFF36F8F00F0FEF800F0DCF82868C46C06
:10F0F000002034B116B12968C86402E02A68611E94
:10F10000D164296881F8500000F0ECF8204670BD09
:10F110007403002004ED00E001784278DFED0F0A6F
:10F1200041EA022100EE101A0D49B8EE400A20EE25
:10F13000200A81ED000A8278C078DFED0A0A42EAEF
:10F14000002000EE100AB8EE400A80EE201A81ED91
:10F15000011A0549012008707047000000000038BE
:10F16000640E00200000C8422400002091ED000A37
:10F17000B1EE400A80ED010A91ED010AB1EE400ABC
:10F1800080ED020A91ED020AB1EE400A80ED030A19
:10F1900091ED000A80ED040A91ED020A80ED060A65
:10F1A00091ED010AB1EE400A80ED070A91ED010AE6
:10F1B00080ED080A91ED020AB1EE400A80ED090ADD
:10F1C00091ED000A80ED0B0A91ED020A80ED0C0A28
:10F1D00091ED010A80ED0D0A91ED000AB1EE400AB1
:10F1E00080ED0E0A70470169436882689A608368FF
:10F1F00042685A604A68824201D182684A600022AD
:10F2000002610868401E086008687047034B03608D
:10F2100003F154000860802010607047E431002042
:10F22000044B036003F1540008604FF480701060D9
:10F23000704700003834002000F1080141604FF0B1
:10F24000FF328260C16001610021016070470021CE
:10F250000161704710B4D1F800C0BCF1FF3F02D08B
:10F2600000F1080202E0026904E01A4653681C68D3
:10F270006445FAD953684B6099608A6051600861AF
:10F280000168491C016010BC704742684A6093687D
:10F290008B6093685960916008610168491C016046
:10F2A00070470000502080F31188BFF34F8FBFF3E9
:10F2B0006F8F0A494868401C486001280CD10848F3
:10F2C000006810F0FF0F07D0502080F31188BFF3C3
:10F2D0004F8FBFF36F8FFEE770470000E4030020FD
:10F2E00004ED00E009494868002806D0401E486047
:10F2F000002801D180F311887047502080F31188D5
:10F30000BFF34F8FBFF36F8FFEE70000E4030020D1
:10F3100070B500282AD0A0F10804154D606869690D
:10F32000084207D1502080F31188BFF34F8FBFF3FD
:10F330006F8FFEE722683AB1502080F31188BFF347
:10F340004F8FBFF36F8FFEE78843606000F09CF93A
:10F3500060686968084468602046FFF7A9FA286970
:10F36000401C2861BDE8704000F084BE70BD000004
:10F37000C40300204FF0E0200021016181610549B4
:10F380004FF47A720968B1FBF2F1491E416107211D
:10F39000016170477003002010B5F0F7C1FF1149FB
:10F3A00010280ED300F1E02090F8F0030A78904284
:10F3B00007D2502080F31188BFF34F8FBFF36F8FB8
:10F3C000FEE709480068896800F4E060884207D9D0
:10F3D000502080F31188BFF34F8FBFF36F8FFEE78C
:10F3E00010BD0000E40300200CED00E00022084BFB
:10F3F00053F832C0BCF1000F03D0521C082AF7D3D7
:10F40000704743F8321003EBC201486070470000B8
:10F41000D85A002070B504460D461646FFF742FF45
:10F4200094F94400B0F1FF3F4FF0000001D184F89F
:10F43000440094F94510B1F1FF3F01D184F8450033
:10F44000FFF750FFA06B28B93246294604F124008B
:10F4500000F0B4F82046BDE87040FFF747BC00005C
:10F4600010B502460020002A12D00F48006B38B1B8
:10F47000502080F31188BFF34F8FBFF36F8FFEE7EB
:10F4800000F002F900211046FFF700F800F0F2FD4D
:10F49000002807D105494FF080500860BFF34F8F17
:10F4A000BFF36F8F10BD00007403002004ED00E077
:10F4B00002490A6A0260C96841607047740300200B
:10F4C00001490120C8617047740300202DE9F04113
:10F4D00004460D46002C15D0FFF75EFF5020EFF3D9
:10F4E000118680F31188BFF34F8FBFF36F8F94F8AD
:10F4F0005000022184F85010E16C491CE16401289D
:10F5000008D025E0502080F31188BFF34F8FBFF360
:10F510006F8FFEE7A06A38B1502080F31188BFF3E7
:10F520004F8FBFF36F8FFEE7144F386B4FF001081A
:10F5300090B104F118011248FFF7A7FEE06A39689C
:10F54000C96A884204D90DB1C5F80080C7F81C808B
:10F5500086F31188BDE8F081201DFFF744FEE06AC4
:10F560003A6908FA00F111433961064900EB80005D
:10F5700001EB8000211DFFF788FEDFE77403002008
:10F58000CC5B0020185B002010B50C4600280BD087
:10F59000094A126802F11801FFF75CFE2046BDE837
:10F5A00010400121FEF772BF502080F31188BFF395
:10F5B0004F8FBFF36F8FFEE77403002070B50D46C9
:10F5C000144600280DD00B4909681831FFF75DFE7D
:10F5D0000CB14FF0FF3521462846BDE87040FEF7DC
:10F5E00055BF502080F31188BFF34F8FBFF36F8F4B
:10F5F000FEE700007403002030B587B000250695B3
:10F60000059504AA05A906A8FFF700FE0698059926
:10F61000019102900023009517A11948049A00F067
:10F62000ABFB184CE06208B1012000E0002001288B
:10F6300001D100F085FD01280AD0B0F1FF3F19D1BA
:10F64000502080F31188BFF34F8FBFF36F8FFEE719
:10F65000502080F31188BFF34F8FBFF36F8F4FF0AF
:10F66000FF30A06201206061E56007B0BDE8304076
:10F6700000F042B807B030BD49444C4500000000DE
:10F6800079E70008740300200248016B491C0163FC
:10F690007047000074030020154A106B002802D048
:10F6A0000120D06170470020D0611069B0FA80F06D
:10F6B000C0F11F000F4900EB800051F8203073B1FA
:10F6C00001EB800041684968416000F108039942FC
:10F6D00001D1496841604068C0681060704750209F
:10F6E00080F31188BFF34F8FBFF36F8FFEE70000E9
:10F6F00074030020185B002010B582B03848016800
:10F70000384A914207D1502080F31188BFF34F8FC0
:10F71000BFF36F8FFEE700683349884207D150205E
:10F7200080F31188BFF34F8FBFF36F8FFEE72F4930
:10F7300008780190FF200870087800909DF800007C
:10F740009DF8002000F0F000904207D0502080F398
:10F750001188BFF34F8FBFF36F8FFEE79DF8000056
:10F76000234C00F0500020700720A0609DF800009E
:10F7700010F0800F0BD0A068401EA0609DF8000024
:10F78000400000909DF8000010F0800FF3D1A068B9
:10F79000032807D0502080F31188BFF34F8FBFF3A9
:10F7A0006F8FFEE74FF44070A06001980870114819
:10F7B000016841F470010160016841F0704101602D
:10F7C000FFF7D8FD00206060F0F772FD0A4801687D
:10F7D00041F040410160F0F757FD02B0002010BD3C
:10F7E00000ED00E071C20F4170C20F4100E400E083
:10F7F000E403002020ED00E034EF00E038B5049D84
:10F80000002804D05BB102B189B1C2B120E0502020
:10F8100080F31188BFF34F8FBFF36F8FFEE7502047
:10F8200080F31188BFF34F8FBFF36F8FFEE7502037
:10F8300080F31188BFF34F8FBFF36F8FFEE739B1AD
:10F84000502080F31188BFF34F8FBFF36F8FFEE717
:10F850004FF0480CCDF800C01C46012384F8463018
:10F860002B460094FEF79CFF204638BD70B5044639
:10F870000D46002C25D0FFF715FD226CE16B2068AA
:10F8800001FB0200A0600020A06320686060E16BC3
:10F89000226C2068491E01FB0200E0604FF0FF303F
:10F8A00084F8440084F845009DB104F11000FFF78E
:10F8B000C3FC04F12400FFF7BFFCFFF713FD012098
:10F8C00070BD502080F31188BFF34F8FBFF36F8F4F
:10F8D000FEE720690028F0D004F1100000F08EFB54
:10F8E0000028EAD004494FF080500860BFF34F8FE2
:10F8F000BFF36F8FE1E7000004ED00E02DE9FF4763
:10F9000082B004468A461F460025002C03D0BAF177
:10F91000000F08D011E0502080F31188BFF34F8F03
:10F92000BFF36F8FFEE7206C38B1502080F3118851
:10F93000BFF34F8FBFF36F8FFEE7022F0AD1E06B4B
:10F94000012807D0502080F31188BFF34F8FBFF3F9
:10F950006F8FFEE700F086FA48B9049838B150205E
:10F9600080F31188BFF34F8FBFF36F8FFEE7002640
:10F970004FF08058DFF8F090FFF794FCA06BE16B3C
:10F98000884205D3022F03D0049808B335B329E089
:10F990003A4651462046FEF75DFE616A59B104F1D0
:10F9A000240000F02BFB68B1C9F80080BFF34F8F33
:10F9B000BFF36F8F06E028B1C9F80080BFF34F8F07
:10F9C000BFF36F8FFFF78EFC06B00120BDE8F08714
:10F9D000FFF788FC06B00020BDE8F0876846FFF717
:10F9E00067FD0125FFF77EFCFFF74EFEFFF75AFC8F
:10F9F00094F94400B0F1FF3F01D184F8446094F9D8
:10FA00004500B0F1FF3F01D184F84560FFF76AFC83
:10FA100004A9684600F02EF940B12046FFF766F9C8
:10FA200000F028FB06B00020BDE8F0872046FEF776
:10FA30009EFF90B104F110000499FFF7A5FD204648
:10FA4000FFF754F900F016FB002895D1C9F80080A3
:10FA5000BFF34F8FBFF36F8F8EE72046FFF746F956
:10FA600000F008FB88E7000004ED00E02DE9F04716
:10FA70000446894617461E46002C03D0B9F1000FF4
:10FA800008D011E0502080F31188BFF34F8FBFF3EF
:10FA90006F8FFEE7206C38B1502080F31188BFF3E0
:10FAA0004F8FBFF36F8FFEE7022E0AD1E06B012864
:10FAB00007D0502080F31188BFF34F8FBFF36F8FB3
:10FAC000FEE7FFF769FC5020EFF3118880F31188FF
:10FAD000BFF34F8FBFF36F8FA06BE16B884206D3EC
:10FAE000022E04D0002088F31188BDE8F08794F935
:10FAF0004550A06B324649462046FEF7ABFDB5F1B6
:10FB0000FF3F04D0681C84F845000120EBE7606AE1
:10FB10000028FAD004F1240000F070FA0028F4D094
:10FB2000002FF2D001203860EFE700002DE9F74701
:10FB300083B004468A460025002C03D0BAF1000F9A
:10FB400008D011E0502080F31188BFF34F8FBFF32E
:10FB50006F8FFEE7206C38B1502080F31188BFF31F
:10FB60004F8FBFF36F8FFEE700F07CF948B905981F
:10FB700038B1502080F31188BFF34F8FBFF36F8FE0
:10FB8000FEE700274FF08058DFF8E490FFF78AFB8C
:10FB9000A66BC6B151462046FEF74AFD701EA06313
:10FBA000206950B104F1100000F028FA28B1C9F81A
:10FBB0000080BFF34F8FBFF36F8FFFF793FB06B04B
:10FBC0000120BDE8F087059808B135B109E0FFF7DD
:10FBD00089FB06B00020BDE8F0876846FFF768FCA7
:10FBE0000125FFF77FFBFFF74FFDFFF75BFB94F964
:10FBF0004400B0F1FF3F01D184F8447094F945000E
:10FC0000B0F1FF3F01D184F84570FFF76BFB05A908
:10FC1000684600F02FF868B12046FFF767F800F05B
:10FC200029FA2046FEF796FE0028AFD006B0002045
:10FC3000BDE8F0872046FEF78DFE90B104F1240068
:10FC40000599FFF7A1FC2046FFF750F800F012FAE3
:10FC500000289BD1C9F80080BFF34F8FBFF36F8F8F
:10FC600094E72046FFF742F800F004FA8EE7000020
:10FC700004ED00E02DE9F04105460C46002D14D0BE
:10FC8000DCB1FFF70FFBDFF880C0DCF80C006B681D
:10FC9000C11ADCF80020002692F85220AAB1DCF844
:10FCA000000080F85260012429E0502080F3118880
:10FCB000BFF34F8FBFF36F8FFEE7502080F31188A3
:10FCC000BFF34F8FBFF36F8FFEE72268B2F1FF3FA4
:10FCD00008D02F68DCF820C0674505D0834203D8E0
:10FCE00001240CE000240AE08A4206D9501A206060
:10FCF0002846FFF7DDFB002401E026600124FFF722
:10FD0000F1FA2046BDE8F081740300202DE9F04FA0
:10FD100085B081460F9F0E9E8A4690469B464FEACD
:10FD20008800FFF717F8054628000AD05420FFF78F
:10FD300011F804460CB1256304E02846FFF7E8FA01
:10FD400000E000249CB1002084F8510003905B4641
:10FD5000424651460197009602944846FEF72CFD14
:10FD60002046FEF7D3FB05B00120BDE8F08F05B0BB
:10FD70004FF0FF30BDE8F08F70B586B00646DDF875
:10FD800028C00C9C0B98002816D0ECB15425049583
:10FD90002063022084F85100002005AD0390CDF8C7
:10FDA00000C0019502943046FEF706FD2046FEF79E
:10FDB000ADFB059806B070BD502080F31188BFF3ED
:10FDC0004F8FBFF36F8FFEE7502080F31188BFF392
:10FDD0004F8FBFF36F8FFEE72DE9F04107460724F1
:10FDE0003846F0F738FB102807D3502080F31188ED
:10FDF000BFF34F8FBFF36F8FFEE7FFF745FC154E44
:10FE0000641E04EB840006EB80003946FEF7D8FE42
:10FE100005460DB9002CF3D10F4C25B93946606B5E
:10FE2000FEF7CEFE054625B93946A06BFEF7C8FEA3
:10FE3000054625B939460948FEF7C2FE054625B9EB
:10FE400039460748FEF7BCFE054600F013F9284680
:10FE5000BDE8F081185B002074030020F45B0020F3
:10FE6000E05B002005484169002903D0006B18B110
:10FE70000020704701207047022070477403002063
:10FE80000148C06870470000740300202DE9F04766
:10FE90000026314F386B002805D0B869401CB86186
:10FEA0003046BDE8F087F868451CFD609DB9786B69
:10FEB000006838B1502080F31188BFF34F8FBFF333
:10FEC0006F8FFEE7786BB96B7963B863386A401C53
:10FED0003862FEF74DFEB86ADFF8808085420FD3A6
:10FEE0004FF00109786B006838B1786BC068C4685E
:10FEF0006068854212D2B86202E04FF0FF30B8620B
:10FF00003868C06A00EB800058F82000012800D94A
:10FF10000126F8690028C3D00126C1E7201DFFF79C
:10FF200062F9A06A18B104F11800FFF75CF9E16A00
:10FF30003A6909FA01F01043386101EB810008EBDE
:10FF40008000211DFFF7A1F9E06A3968C96A88427B
:10FF5000C8D30126C6E7000074030020185B002008
:10FF600070B504460021002841D0224D2868844203
:10FF700007D0502080F31188BFF34F8FBFF36F8FEE
:10FF8000FEE7A06C38B1401EA064636CE26A9A423E
:10FF90002DD040B12BE0502080F31188BFF34F8F5C
:10FFA000BFF36F8FFEE7201DFFF71DF912490122F5
:10FFB00058B9E06A00EB800351F823302BB92B6964
:10FFC00002FA00F023EA00002861606CE062C0F1F0
:10FFD0000700A061E06A2B6982401A432A6100EBA6
:10FFE000800001EB8000211DFFF74FF90121084639
:10FFF00070BD000074030020185B002070B5C0685D
:020000040801F1
:10000000C468002C14D004F11800FFF7ECF8164D6A
:10001000286B0126A0B104F118011448FFF735F947
:10002000E06A2968C96A88421CD90120EE6170BD66
:10003000502080F31188BFF34F8FBFF36F8FFEE71F
:10004000201DFFF7D0F8E06A2A6906FA00F1114393
:100050002961074900EB800001EB8000211DFFF7BB
:1000600014F9DDE7002070BD74030020CC5B002094
:10007000185B00202DE9F0470024A0462D4D286B89
:10008000002807D0FFF70EF9286B401E2863286B65
:1000900040B149E0502080F31188BFF34F8FBFF388
:1000A0006F8FFEE7A86800283ED0234F38680126EE
:1000B00000B3A7F1B409F868C46804F11800FFF7A9
:1000C00092F8201DFFF78FF8E06A2A6906FA00F11E
:1000D0001143296100EB800009EB8000211DFFF72F
:1000E000D4F8E06A2968C96A884200D3EE613868AA
:1000F0000028E0D10CB1FEF73BFDAC6944B1FFF73D
:10010000C5FE00B1EE61641E002CF8D10020A8618C
:10011000E86948B14FF0010808494FF08050086085
:10012000BFF34F8FBFF36F8FFFF7DCF84046BDE89A
:10013000F087000074030020CC5B002004ED00E099
:1001400030B587B00024FEF725FA134D2868B0B10A
:1001500000200690059004AA05A906A8FFF760F8FC
:1001600005990698022200920191029000230BA1AA
:100170000C48049AFFF700FE686000B1012414B136
:1001800007B0204630BD502080F31188BFF34F8F59
:10019000BFF36F8FFEE70000B0030020546D7220A4
:1001A00053766300D9EC0008F0B585B084460A9D0B
:1001B00016461F460022BCF1000F14D0164C2068D2
:1001C00000B300910196CDF808C006291BDAFFF7AD
:1001D00049FE02280FD000231A4669462068FFF71F
:1001E0008DFB024615E0502080F31188BFF34F8F3E
:1001F000BFF36F8FFEE700232A4669462068FFF7AA
:100200007DFB024605E000233A466946FFF72EFCD7
:10021000024605B01046F0BDB003002021F00042B8
:10022000A2F16052B2F5801F01F0004328BFD2F165
:100230007F6C0BD95FEA001C43EAC20242EB5070AC
:1002400018BF704728BF20F001007047B2F5801F2B
:10025000BCBF184670474FEA410C1CF5001F02D284
:10026000084600F07FBD70B500F0FCFA0000008980
:10027000FFF7F6BF4FF00040A0F580007047000088
:1002800010B591EA030F48BF83F0004300F11284D8
:10029000841A71EB030C05D2121943EB0C03001BFB
:1002A00061EB0C01DFF824E14FEA1154A4EB135C7D
:1002B0001EEA430F18BF9EEA445F73D023EA0E0381
:1002C000DCF1200E21EA045143F4801332D322FAE8
:1002D0000CFE10EB0E0023FA0CFE41EB0E01CCF1EC
:1002E000200E03FA0EFE10EB0E0051F10001B1F5E5
:1002F000801FCCF1200E32D201EB045112FA0EF223
:10030000BDE8104058BF7047401C38BF5FEA42024A
:1003100018BF7047002814BF20F0010041F1000110
:100320004FEA410313F5001F38BF7047A1F1C041E8
:1003300000F0E6BA012A43EB0302ACF1200CDCF139
:100340001F0E32BF4FF0000E23FA0CF310EB030028
:1003500041EB0451B4EB115FD0D0A1EB045101F596
:10036000801149085FEA300001EB04510ED350F1CF
:10037000000038BF12FA0EFE08D1BDE81040C9E7F0
:10038000401C38BF5FEA4202CAD1C3E7BDE8104053
:100390004FEA410313F5001F38BF7047A1F1C04178
:1003A00000F0AEBA9EEA445F08D011EA5E0FBDE8E5
:1003B000104004BF01F0004100207047BDE810402C
:1003C00070B500F04FFA00BF64FBBE3E0000E0FFD6
:1003D000491058BFC1F140415B1058BFC3F14043C1
:1003E0008B42EFF3008070472DE9C04130B4DFF855
:1003F000A0C23CEA111418BF3CEA131400F0EC80D0
:1004000081EA03051CEA111444EAD57418BF1CEAFA
:10041000131500F0C780A4EB05044FF0004545EA32
:10042000C12145EAC32341EA505143EA525304F142
:100430007F74994204F500344FEAC0204FEAC2228B
:1004400008BF904200F09C804FEA13650FF24016FF
:10045000765D4FEA134506FB05F7C7F1807706FB8B
:1004600007F74FEAD737A7FB03687642C8F580380D
:10047000A7FB06CE38BFA8F1010807FB08E64FF03E
:10048000000EA6FB028CE6FB03CEDCF1000CCEF1E5
:10049000004E38BFAEF1010EA6FB0C584FF000071E
:1004A0004FF00005E6FB0E87A1FB08C6A0FB07CEB8
:1004B00016EB0E0645F10005E1FB076515F1E04E70
:1004C0007EBFA4F580345FEA46066D4116F18007D1
:1004D00045F100054FEA17274FEA066647EA056728
:1004E000A6F1DE46B6F1805F4FEA15251FD93846E2
:1004F00024F0010C05EBC471BCF1FE6F01EB0C1193
:1005000002D8F0BCBDE8008124425CBF01F5801E2A
:100510009EEAC47F02D4F0BCBDE80081244238D4F6
:10052000F0BCA1F1C041BDE8004100F0E9B94FEADB
:10053000D22242EA43524FEAD323A7FB02864FEA74
:10054000D02040EA415007FB03661EEA0E0F4FEA37
:10055000D12105FB026658BFA6EB0056B6EB00564C
:100560004FEA520E4EEAC37E18EB0E0E56EB530EB8
:10057000BDD518EB02085E417F1C55F10005B6E7BA
:100580004FF480154FF000074FF000064FF00008C1
:10059000ADE7F0BC4FF0000001F1C04101F00041B7
:1005A000BDE8008111EA0C1F0CEA131500D00CE025
:1005B00013EA0C1F00F025804FF00000F0BC81EA28
:1005C000030101F00041BDE80081F0BCBDE800413D
:1005D00081EA030100F094B9F0BCBDE8004170B5B8
:1005E00000F040F9097EFC3E00F007B881EA030103
:1005F0004FF0000001F00041704781EA030100F074
:100600007FB9F0BCBDE800414FF0000021497047C0
:10061000FFFDFBF9F7F5F4F2F0EEEDEBE9E8E6E4C7
:10062000E3E1E0DEDDDBDAD8D7D5D4D3D1D0CFCD4E
:10063000CCCBCAC8C7C6C5C4C2C1C0BFBEBDBCBB87
:10064000BAB9B8B7B6B5B4B3B2B1B0AFAEADACAB82
:10065000AAA9A8A8A7A6A5A4A3A3A2A1A09F9F9E5C
:100660009D9C9C9B9A99999897979695959493930E
:10067000929191908F8F8E8E8D8C8C8B8B8A8989A5
:100680008888878786858584848383828281818028
:100690000000FF070000F87F51EA030C17D41CF597
:1006A000801F58BFBCF5801F00F10680994218BF1B
:1006B000704708BF9042704707D711F5801F58BF99
:1006C00013F5801F19D499427047894270471CF571
:1006D000801F08D5BCF5801FF7D58B4218BF704727
:1006E00008BF824270474FF4001C1CEB410F38BF1B
:1006F0001CEB430F01D28B42704770B500F0B2F88B
:10070000922449004FF000514FF08053FFF760BE34
:10071000DFF848C170B51CEA111E1EBF1CEA131594
:100720009EEA0C0F95EA0C0F00F06F8081EA03043B
:1007300023EA4C134EEAD47E21EA4C1141F4801195
:1007400043F48013AE44A1FB024CA0FB0365AEF161
:100750007F7E361955EB0C05A1FB034C4CF10003D1
:10076000A0FB021C16EB0C06654153F10003094285
:1007700018BF46F0010613F4007F0BD14FEA033196
:100780004FEA0530340341EA155140EA16506FF044
:1007900003020AE04FEAC3214FEAC520F40241EA0E
:1007A000555140EA56506FF0020202EB2E4201EB27
:1007B000025585EACE710AD05FEA440C18BF24F0D6
:1007C000004450F1000041F1000120EAD47040F2F1
:1007D000FE7C624500D270BDA84214BF4FF0804439
:1007E0004FF04044002E08BF0024BEF1806FA8BF28
:1007F000A1F1C041BDE8704080F282804FF000005E
:1008000001F1C04101F0004170479EEA0C0F0CEA73
:10081000131518BF95EA0C0F06D04FF0000081EABF
:10082000030E0EF0004170BD00F01CF88900013E7F
:1008300000F007B800F009B84FEA430C5FEA5C5CCF
:1008400008D081EA030100F05BB84FEA410C5FEA8F
:100850005C5CF6D14FF00000014970470000FF07D3
:100860000000F87F0EF1020E2EF0030E5EF8046B0E
:10087000364205D4012A43EB030515F5001F12D8B3
:10088000012841EB010C1CF5001F0CD80ED14FEADA
:10089000D17C15F5001F0CEB4C0C0CF1020C08BFC1
:1008A0004CEBD37C04E04FF0080C01E04FEAD37C22
:1008B0000CEB4C0526FA05F606F00706B6F1040C1B
:1008C00006D20EEB860CBDE870404CF0010C604780
:1008D000DFE80CF0090B02024FF000414FF000007E
:1008E000A1F5002170BD19461046012851EB010405
:1008F00018BFD4F5001484BF002001F0004170BD82
:100900000808A0F500114FEA310170472DE9F041C8
:1009100001F5801CBCF5001FC0F2A9804FEA115CF4
:1009200021EA0C510CF1FD0C41F480115FEA5C0CE2
:100930000CF5C07C01D34000494130A4890241EA52
:10094000905187028E0E0A0CA45D04FB04F602FB94
:1009500006F6C6F14046A4FB0662F60D46EA4226BC
:1009600006FB06F4A4FB01235242C3F1404338BF07
:100970005B1EA6FB02420024E6FB0324D20B42EAE4
:100980004446A6FB0623A1FB02E2A3FB07E4E3FB2C
:1009900061426442C2F1404E38BFAEF1010EA6FB87
:1009A00004234FF00002E6FB0E32A2FB03463400A4
:1009B000E2FB6264A1FB06E6A4FB07E8E4FB6168D6
:1009C0007642C8F1405838BFA8F10108A2FB06E4FE
:1009D000A3FB08E5E2FB6854A1FB05E6A7FB04E8DE
:1009E000E1FB648618F1200556F10006A809A8F17C
:1009F0001B08B10908F03F08B8F10A0F40EA866009
:100A00001CD901EB0C51BDE8F08100BFFCF5EEE80C
:100A1000E2DDD8D3CFCBC7C3C0BDB9B6B4B1AEAC9D
:100A2000A9A7A5A3A19F9D9B9A9896959392908F15
:100A30008D8C8B898887868584838281A0FB006862
:100A400000FB01F208EB4208B8EB872807D5341801
:100A500058EB0104D5D5401C51F10001D1E7341AFF
:100A600078EB0104CDD4401E71F10001C9E75FEAC3
:100A70004C0C5FEA9C5C0DD105D34FF0000001F0F7
:100A80000041BDE8F081BDE8F04170B5FFF7EAFE36
:100A90006DDBFFBEBDE8F0414FF00000004970473C
:100AA0000000F87F10B591EA030F48BF83F00043C0
:100AB0003FF5EEAB841A71EB030C07D212198CF0E0
:100AC000004C43EB0C03001B61EB0C01DFF8A4E1CD
:100AD0004FEA1154A4EB135C1EEA430F18BF9EEAC1
:100AE000445F00F0B08023EA6E03524221EA0451D1
:100AF000C3EB6E0338BF5B1EDCF1200E25D322FA58
:100B00000CFE10EB0E0043FA0CFE41EB0E01CCF193
:100B1000200E03FA0EFE10EB0E0051F10001CCF195
:100B2000200E29D412FA0EF201EB0451BDE8104058
:100B300058BF7047401C1CBFB2F1004F70470028DF
:100B40000CBF491C20F00100704712EB020E43EB72
:100B5000030218BF4FF0010E4EEA4202ACF1200C26
:100B6000DCF11E0E54D943FA0CFE10EB0E0051F1CD
:100B7000FF31CCF11E0ED5D50EF1010E12FA0EFE8C
:100B8000404141EB010101EB445C5FEA5C5C10D940
:100B900010EBDE7001EB045138BFBEF1004FBDE831
:100BA000104018BF704700280CBF491C20F00100FE
:100BB000704730D24FEAD42C11F5001124F40064B0
:100BC0001BD0B1FA81F20B3AA41AA41ED2F1200371
:100BD000914030FA03F31943904001EBCC71002CA3
:100BE00001EB0451BDE81040A8BF704701F1C041BE
:100BF0004FF0000001F000417047B0FA80F310FAA6
:100C000003F100D110BDE41A173C4805C90AE4E716
:100C100001EB045110BD491001EB0451BDE8104037
:100C20004FEA300002E04FF0000170474A0008BF71
:100C30000042F8D0B2F5001F28BF704701F0004114
:100C40004FF0000070479EEA445F07D011EA5E0F44
:100C5000BDE8104004BF002100207047BDE81040EF
:100C600070B5FFF7FFFD00BF40DFF63E83F00041A7
:100C7000104670470000E0FF43004FEAD30C4FEAF4
:100C80003C0C43401FBF40070CF1605113F0FE4F76
:100C900070471CF0006F03D100200CF0004170473A
:100CA0000CF0004343EA507010B540EACC0000F06D
:100CB0000EF800BF000000924FEA0001FFF720BECF
:100CC0004FF000414FF00000A1F5002170470EF1F8
:100CD000020E2EF0030E5EF8044B244204D44FEAB9
:100CE0004102B2F17F4F11D84FEA4003B3F17F4F79
:100CF0000CD80ED14FEAD07CB2F17F4F0CEB4C0CEC
:100D00000CF1020C08BF4CEBD17C04E04FF0080C56
:100D100001E04FEAD17C0CEB4C0324FA03F404F01D
:100D20000704B4F1040C06D20EEB840CBDE81040AD
:100D30004CF0010C6047DFE80CF0070802024FF0AE
:100D40000040A0F5800010BD0846420018BFD2F157
:100D5000807288BF00F0004010BD4FF04070E1EE9F
:100D6000100A7047FF2141EAD050C00570470000CB
:100D70000000C844CDCC4C3E0000000000001644EA
:100D8000CDCC8C3F000000000000A041F17F09396C
:100D9000CD4C48430000C84117B7D1380000484245
:100DA0000000904017B7D13900000000CDCC4C3D79
:100DB0006F12833A0000A0413333333F000000003C
:100DC00000002041000020C10000A041CDCC4C3DDE
:100DD0000000C0C1000070C1CDCCCC3C0000A040E0
:100DE0000AD7233C000000009A99993E00000000B9
:100DF000CDCC4C3E00008040F7CC92380000000083
:100E000000008040F7CC9238000000000000204134
:100E1000A69BC43B000000000000B443000000009B
:100E200000004843005EBCE2613FDD83C29C7E203F
:100E3000A3FD1F419DC3217FFCA2401E5F01E3BDB6
:100E40003E6082DC237D9FC1421CFEA0E1BF5D03AA
:100E500080DE3C62BEE0025CDF81633D7C22C09E9E
:100E60001D43A1FF4618FAA427799BC584DA38668A
:100E7000E5BB5907DB856739BAE406581947A5FB76
:100E80007826C49A653BD987045AB8E6A7F91B456A
:100E9000C6987A24F8A6441A99C7257B3A6486D85E
:100EA0005B05E7B98CD2306EEDB3510F4E10F2AC4A
:100EB0002F7193CD114FADF3702ECC92D38D6F3136
:100EC000B2EC0E50AFF1134DCE90722C6D33D18F2A
:100ED0000C52B0EE326C8ED0530DEFB1F0AE4C121E
:100EE00091CF2D73CA947628ABF517490856B4EA0A
:100EF0006937D58B5709EBB536688AD495CB2977F6
:100F0000F4AA4816E9B7550B88D6346A2B7597C9E9
:100F10004A14F6A8742AC896154BA9F7B6E80A54DD
:100F2000D7896B3540AC037D04014103057C000289
:100F30006D0D026D09020B080141090242C0030A4E
:100F40000B0400006C1B01083D6100080300000059
:100F500000000000000A0000000000000000000087
:100F6000541B01081164000800000000000000008C
:100F7000800000000000000000000000841B010849
:100F8000B51500080100000000000000000200008C
:100F90000000000000000000781B0108DD1F0008B1
:100FA000020000000000000000020000000000003D
:100FB00000000000941B0108619900080000000077
:100FC000000000000002000000000000000000001F
:100FD000A01B010881E10008FFFF000000000000E5
:100FE000000200000000000000000000B01B01082B
:100FF00019EF0008010000000000000000010000DF
:101000000000000000000000601B0108A999000812
:101010000000000000000000800000000000000050
:101020000000000000061016000610160000000068
:101030000000000001020304060708090000000088
:1010400001020304005EBCE2613FDD83C29C7E209E
:10105000A3FD1F419DC3217FFCA2401E5F01E3BD94
:101060003E6082DC237D9FC1421CFEA0E1BF5D0388
:1010700080DE3C62BEE0025CDF81633D7C22C09E7C
:101080001D43A1FF4618FAA427799BC584DA386668
:10109000E5BB5907DB856739BAE406581947A5FB54
:1010A0007826C49A653BD987045AB8E6A7F91B4548
:1010B000C6987A24F8A6441A99C7257B3A6486D83C
:1010C0005B05E7B98CD2306EEDB3510F4E10F2AC28
:1010D0002F7193CD114FADF3702ECC92D38D6F3114
:1010E000B2EC0E50AFF1134DCE90722C6D33D18F08
:1010F0000C52B0EE326C8ED0530DEFB1F0AE4C12FC
:1011000091CF2D73CA947628ABF517490856B4EAE7
:101110006937D58B5709EBB536688AD495CB2977D3
:10112000F4AA4816E9B7550B88D6346A2B7597C9C7
:101130004A14F6A8742AC896154BA9F7B6E80A54BB
:10114000D7896B350000891112239B322446AD5795
:101150003665BF74488CC19D5AAFD3BE6CCAE5DBFF
:101160007EE9F7F88110080193331A22A5562C471F
:10117000B7753E64C99C408DDBBF52AEEDDA64CBDF
:10118000FFF976E802218B30100299132667AF76BB
:101190003444BD554AADC3BC588ED19F6EEBE7FABF
:1011A0007CC8F5D983310A2091121803A7772E66DF
:1011B000B5543C45CBBD42ACD99E508FEFFB66EA9F
:1011C000FDD874C904428D5316619F702004A9157F
:1011D0003227BB364CCEC5DF5EEDD7FC6888E1997F
:1011E0007AABF3BA85520C4397711E60A11428059F
:1011F000B3373A26CDDE44CFDFFD56ECE99860895F
:10120000FBBB72AA06638F7214409D512225AB343A
:101210003006B9174EEFC7FE5CCCD5DD6AA9E3B83E
:10122000788AF19B87730E6295501C41A3352A245E
:10123000B1163807CFFF46EEDDDC54CDEBB962A81E
:10124000F99A708B088481951AA793B62CC2A5D3FE
:101250003EE1B7F04008C919522BDB3A644EED5F0E
:10126000766DFF7C899400859BB712A6ADD224C30E
:10127000BFF136E0C1184809D33B5A2AE55E6C4FEE
:10128000F77D7E6C0AA583B4188691972EE3A7F2AA
:101290003CC0B5D14229CB38500AD91B666FEF7ECE
:1012A000744CFD5D8BB502A499961087AFF326E2CE
:1012B000BDD034C1C3394A28D11A580BE77F6E6EAE
:1012C000F55C7C4D0CC685D71EE597F42880A1916E
:1012D0003AA3B3B2444ACD5B5669DF78600CE91D8E
:1012E000722FFB3E8DD604C79FF516E4A99020818E
:1012F000BBB332A2C55A4C4BD7795E68E11C680D6E
:10130000F33F7A2E0EE787F61CC495D52AA1A3B029
:101310003882B193466BCF7A5448DD59622DEB3C4D
:10132000700EF91F8FF706E69DD414C5ABB122A04D
:10133000B9923083C77B4E6AD5585C49E33D6A2C2D
:10134000F11E780F00000000920E493CB10AC93C22
:101350002BC3163D2EFB483D752B7B3D04A9963DC6
:1013600080B6AF3D36BDC83D2FBCE13D73B2FA3DFE
:1013700087CF093E8340163EB5AB223EA2102F3EDA
:10138000CF6E3B3EC2C5473E0115543E135C603EE6
:101390007F9A6C3ECCCF783EC07D823E938E883E55
:1013A000229A8E3E32A0943E86A09A3EE59AA03EB6
:1013B000128FA63ED47CAC3EEF63B23E2A44B83EC8
:1013C000491DBE3E15EFC33E53B9C93ECA7BCF3E51
:1013D0004136D53E80E8DA3E4F92E03E7533E63E38
:1013E000BBCBEB3EEA5AF13ECBE0F63E275DFC3E3E
:1013F000E4E7003F3D9C033F824B063F9BF5083FDF
:101400006B9A0B3FDA390E3FCDD3103F2A68133F5A
:10141000D9F6153FC07F183FC6021B3FD17F1D3F45
:10142000CBF61F3F9967223F25D2243F5636273FF0
:101430001594293F4AEB2B3FDE3B2E3FBB85303FC7
:10144000C9C8323FF304353F233A373F4268393F3A
:101450003B8F3B3FF9AE3D3F67C73F3F70D8413FB1
:1014600001E2433F03E4453F65DE473F12D1493F78
:10147000F8BB4B3F029F4D3F207A4F3F3D4D513FC0
:101480004918533F31DB543FE595563F5348583F89
:101490006AF2593F1A945B3F532D5D3F05BE5E3F94
:1014A0002146603F97C5613F5A3C633F59AA643F5C
:1014B000880F663FD86B673F3CBF683FA7096A3F0C
:1014C0000C4B6B3F5E836C3F93B26D3F9ED86E3F7B
:1014D00073F56F3F0809713F5213723F4714733F12
:1014E000DD0B743F0BFA743FC6DE753F07BA763FDB
:1014F000C58B773FF853783F9812793F9DC7793F66
:1015000002737A3FBE147B3FCDAC7B3F283B7C3FD0
:10151000C9BF7C3FAC3A7D3FCCAB7D3F23137E3FC0
:10152000B0707E3F6DC47E3F580E7F3F6D4E7F3F53
:10153000AB847F3F0FB17F3F97D37F3F43EC7F3F2B
:1015400011FB7F3F0000803F11FB7F3F43EC7F3F5B
:1015500097D37F3F0FB17F3FAB847F3F6D4E7F3F7F
:10156000580E7F3F6DC47E3FB0707E3F23137E3F99
:10157000CCAB7D3FAC3A7D3FC9BF7C3F283B7C3F35
:10158000CDAC7B3FBE147B3F02737A3F9DC7793F52
:101590009812793FF853783FC58B773F07BA763F6B
:1015A000C6DE753F0BFA743FDD0B743F4714733F83
:1015B0005213723F0809713F73F56F3F9ED86E3F1B
:1015C00093B26D3F5E836C3F0C4B6B3FA7096A3F44
:1015D0003CBF683FD86B673F880F663F59AA643F9E
:1015E0005A3C633F97C5613F2146603F05BE5E3F61
:1015F000532D5D3F1A945B3F6AF2593F5348583F61
:10160000E595563F31DB543F4918533F3D4D513F1F
:10161000207A4F3F029F4D3FF8BB4B3F12D1493FCD
:1016200065DE473F03E4453F01E2433F70D8413F59
:1016300067C73F3FF9AE3D3F3B8F3B3F4268393F75
:10164000233A373FF304353FC9C8323FBB85303FAB
:10165000DE3B2E3F4AEB2B3F1594293F5636273F62
:1016600025D2243F9967223FCBF61F3FD17F1D3FF4
:10167000C6021B3FC07F183FD9F6153F2A68133FAB
:10168000CDD3103FDA390E3F6B9A0B3F9BF5083FE5
:10169000824B063F3D9C033FE4E7003F275DFC3E55
:1016A000CBE0F63EEA5AF13EBBCBEB3E7533E63E6D
:1016B0004F92E03E80E8DA3E4136D53ECA7BCF3ECF
:1016C00053B9C93E15EFC33E491DBE3E2A44B83E3C
:1016D000EF63B23ED47CAC3E128FA63EE59AA03EAC
:1016E00086A09A3E32A0943E229A8E3E938E883EE9
:1016F000C07D823ECCCF783E7F9A6C3E135C603ECC
:101700000115543EC2C5473ECF6E3B3EA2102F3E50
:10171000B5AB223E8340163E87CF093E73B2FA3DF9
:101720002FBCE13D36BDC83D80B6AF3D04A9963D16
:10173000752B7B3D2EFB483D2BC3163DB10AC93CA2
:10174000920E493C00000000920E49BCB10AC9BC8F
:101750002BC316BD2EFB48BD752B7BBD04A996BDC2
:1017600080B6AFBD36BDC8BD2FBCE1BD73B2FABDFA
:1017700087CF09BE834016BEB5AB22BEA2102FBED6
:10178000CF6E3BBEC2C547BE011554BE135C60BEE2
:101790007F9A6CBECCCF78BEC07D82BE938E88BE51
:1017A000229A8EBE32A094BE86A09ABEE59AA0BEB2
:1017B000128FA6BED47CACBEEF63B2BE2A44B8BEC4
:1017C000491DBEBE15EFC3BE53B9C9BECA7BCFBE4D
:1017D0004136D5BE80E8DABE4F92E0BE7533E6BE34
:1017E000BBCBEBBEEA5AF1BECBE0F6BE275DFCBE3A
:1017F000E4E700BF3D9C03BF824B06BF9BF508BFDB
:101800006B9A0BBFDA390EBFCDD310BF2A6813BF56
:10181000D9F615BFC07F18BFC6021BBFD17F1DBF41
:10182000CBF61FBF996722BF25D224BF563627BFEC
:10183000159429BF4AEB2BBFDE3B2EBFBB8530BFC3
:10184000C9C832BFF30435BF233A37BF426839BF36
:101850003B8F3BBFF9AE3DBF67C73FBF70D841BFAD
:1018600001E243BF03E445BF65DE47BF12D149BF74
:10187000F8BB4BBF029F4DBF207A4FBF3D4D51BFBC
:10188000491853BF31DB54BFE59556BF534858BF85
:101890006AF259BF1A945BBF532D5DBF05BE5EBF90
:1018A000214660BF97C561BF5A3C63BF59AA64BF58
:1018B000880F66BFD86B67BF3CBF68BFA7096ABF08
:1018C0000C4B6BBF5E836CBF93B26DBF9ED86EBF77
:1018D00073F56FBF080971BF521372BF471473BF0E
:1018E000DD0B74BF0BFA74BFC6DE75BF07BA76BFD7
:1018F000C58B77BFF85378BF981279BF9DC779BF62
:1019000002737ABFBE147BBFCDAC7BBF283B7CBFCC
:10191000C9BF7CBFAC3A7DBFCCAB7DBF23137EBFBC
:10192000B0707EBF6DC47EBF580E7FBF6D4E7FBF4F
:10193000AB847FBF0FB17FBF97D37FBF43EC7FBF27
:1019400011FB7FBF000080BF11FB7FBF43EC7FBF57
:1019500097D37FBF0FB17FBFAB847FBF6D4E7FBF7B
:10196000580E7FBF6DC47EBFB0707EBF23137EBF95
:10197000CCAB7DBFAC3A7DBFC9BF7CBF283B7CBF31
:10198000CDAC7BBFBE147BBF02737ABF9DC779BF4E
:10199000981279BFF85378BFC58B77BF07BA76BF67
:1019A000C6DE75BF0BFA74BFDD0B74BF471473BF7F
:1019B000521372BF080971BF73F56FBF9ED86EBF17
:1019C00093B26DBF5E836CBF0C4B6BBFA7096ABF40
:1019D0003CBF68BFD86B67BF880F66BF59AA64BF9A
:1019E0005A3C63BF97C561BF214660BF05BE5EBF5D
:1019F000532D5DBF1A945BBF6AF259BF534858BF5D
:101A0000E59556BF31DB54BF491853BF3D4D51BF1B
:101A1000207A4FBF029F4DBFF8BB4BBF12D149BFC9
:101A200065DE47BF03E445BF01E243BF70D841BF55
:101A300067C73FBFF9AE3DBF3B8F3BBF426839BF71
:101A4000233A37BFF30435BFC9C832BFBB8530BFA7
:101A5000DE3B2EBF4AEB2BBF159429BF563627BF5E
:101A600025D224BF996722BFCBF61FBFD17F1DBFF0
:101A7000C6021BBFC07F18BFD9F615BF2A6813BFA7
:101A8000CDD310BFDA390EBF6B9A0BBF9BF508BFE1
:101A9000824B06BF3D9C03BFE4E700BF275DFCBE51
:101AA000CBE0F6BEEA5AF1BEBBCBEBBE7533E6BE69
:101AB0004F92E0BE80E8DABE4136D5BECA7BCFBECB
:101AC00053B9C9BE15EFC3BE491DBEBE2A44B8BE38
:101AD000EF63B2BED47CACBE128FA6BEE59AA0BEA8
:101AE00086A09ABE32A094BE229A8EBE938E88BEE5
:101AF000C07D82BECCCF78BE7F9A6CBE135C60BEC8
:101B0000011554BEC2C547BECF6E3BBEA2102FBE4C
:101B1000B5AB22BE834016BE87CF09BE73B2FABDF5
:101B20002FBCE1BD36BDC8BD80B6AFBD04A996BD12
:101B3000752B7BBD2EFB48BD2BC316BDB10AC9BC9E
:101B4000920E49BC00000080CDCC4C3ECDCC4C3E2A
:101B5000CDCC4C3E4C45445F5441534B00000000FB
:101B60005357495443485F5441534B00494E535FC8
:101B70005441534B0000000047696D62616C5F5433
:101B800041534B00436861737369735F5441534B16
:101B90000000000053686F6F745F5441534B0000A6
:101BA0006D616E69666F6C645F75736264000000DE
:101BB000726566657265655F7573617274000000B9
:101BC000E01B01080000002090040000C401000890
:101BD000C41D010890040020E8F80000200200085D
:101BE000012612DC2FF401204E0501063C25019050
:101BF0000C3A2C0C2906120A320A142501FAC90CD7
:101C00003A881E3A5D061C4A01C8123A2606490C5B
:101C10006112D71A0B0C3A93063AE1061CE0014513
:101C2000061CF9013A062B3C02122BFA01061C5045
:101C30000251061C1D015C061C580217061C3802C6
:101C400022061C5302AE063A2E2A1C4B02B906127B
:101C5000B31A2E063A9C242B6902481C9F02680680
:101C60002BBC02183A9F2A3ABF0C1C0D02A2063A5E
:101C70002F2A3A0F06129129541C130274062BA521
:101C800001123AC2722BA901183A8F122BAA014EE7
:101C90001CC4010BD8129829AEA10514A2FFFFFFA6
:101CA0001A82182901815A92104911E3803F0912C2
:101CB00010094624013BF20144108B451395D62AA6
:101CC000081B13B9D73308021359D81208024E0360
:101CD000100DE7416B3A58A08B3A7D04017C160247
:101CE00040AB03411009055308065804070F1608B6
:101CF00010820911160A15800B16052C0C18010DFF
:101D0000130DAB1B084D041A59041A81041ABD04A3
:101D100013DDAA1B08190817040309041201140291
:101D200002021640830440571D02010203E90A190A
:101D30001ADC13B5111B08B1041AA9041AD9041A24
:101D4000FD041933118210037524F41AAA018114B9
:101D5000810182130A0632022A409C1C090243DBDD
:101D60001125C03209041B01020B130524161001B2
:101D700005240110090104240202052406170107A5
:101D800005820308151009040133020A2E07050114
:101D90000240072A810711139DA614080DA51408F7
:101DA00099A842081AA10C1355A41B08CD04C11A06
:101DB00021281AE51C1A61081AD908812DCDCC1CDE
:041DC00041040000DA
:040000050800018965
:00000001FF
